"NUM","TARGET"
0,1
4,1
5,0
6,1
7,1
9,1
16,1
18,0
20,1
23,1
28,0
29,0
31,1
32,0
33,1
34,0
35,1
40,0
43,1
44,0
52,1
53,1
59,1
62,1
65,1
70,0
74,1
76,1
78,1
80,1
81,1
83,0
85,0
87,1
93,1
99,0
101,0
102,0
104,1
105,0
108,0
111,1
112,0
117,0
121,0
128,1
134,1
136,0
139,1
144,0
145,0
149,0
150,1
151,1
152,1
156,1
162,0
164,1
165,1
169,1
175,0
178,0
179,1
181,1
184,0
186,1
191,0
194,0
198,1
201,0
204,1
211,1
212,0
216,1
219,0
221,1
228,0
230,0
232,0
235,1
237,1
244,1
246,1
248,1
251,1
253,1
254,0
257,1
261,0
262,1
265,1
268,0
272,0
275,0
276,1
277,1
282,0
289,0
290,1
293,0
296,1
299,0
300,1
303,1
308,1
309,1
310,1
311,0
312,0
326,1
328,1
332,1
339,1
341,1
342,0
344,0
346,0
347,1
350,1
353,1
354,0
360,0
365,1
368,1
369,0
371,1
373,0
376,0
381,0
382,0
388,0
390,1
391,1
392,1
394,1
397,1
398,1
406,0
414,0
416,1
418,1
423,0
424,0
426,0
428,0
436,1
437,1
445,1
447,0
449,1
455,0
456,1
457,0
458,1
459,1
465,1
466,0
470,1
471,0
475,0
485,1
488,1
493,0
498,1
499,0
504,0
508,1
514,0
520,0
525,0
531,1
539,1
545,0
553,1
561,0
563,0
572,1
579,0
580,1
590,1
595,0
596,0
597,1
599,0
600,0
602,0
603,0
604,1
610,0
617,0
619,1
622,1
623,1
629,1
630,1
633,1
640,1
641,1
646,0
647,0
648,1
652,0
655,0
658,0
659,0
660,1
663,0
668,1
670,0
671,0
673,1
674,0
675,0
676,1
684,1
685,1
690,1
696,0
698,1
705,1
706,0
708,0
710,1
715,1
716,1
717,0
719,1
720,0
723,0
724,0
726,0
727,1
732,0
735,1
736,1
738,0
741,1
743,1
745,0
747,1
748,0
749,1
750,0
755,0
756,1
761,1
762,1
770,0
771,1
773,0
784,0
785,1
788,1
800,1
804,0
812,1
825,0
826,1
827,1
830,0
832,1
833,1
835,1
838,0
841,1
842,0
850,0
853,0
867,0
872,1
875,0
878,0
879,1
881,1
886,1
887,0
890,0
893,1
896,0
898,1
901,0
903,0
911,1
917,0
919,1
923,0
926,0
931,0
932,1
937,1
938,0
939,1
945,1
948,0
949,1
953,0
962,0
964,1
976,1
983,0
999,0
1002,1
1006,0
1007,1
1011,0
1018,1
1020,1
1025,0
1026,0
1028,1
1030,1
1031,1
1035,0
1038,1
1039,0
1040,1
1043,0
1046,1
1049,0
1053,1
1055,1
1065,0
1069,1
1071,1
1077,1
1078,0
1079,0
1084,0
1085,0
1086,1
1091,0
1092,1
1094,1
1107,1
1111,0
1117,1
1118,0
1122,0
1127,0
1128,1
1133,1
1134,0
1141,1
1150,1
1155,0
1159,1
1163,1
1164,1
1168,0
1170,1
1181,1
1191,0
1192,1
1197,1
1198,1
1200,1
1201,1
1205,1
1206,1
1207,1
1209,1
1210,1
1211,1
1214,1
1217,1
1218,1
1219,1
1220,0
1221,1
1223,0
1224,0
1231,0
1236,0
1245,0
1246,0
1247,0
1250,0
1255,1
1258,1
1259,1
1266,1
1271,0
1272,0
1276,0
1278,1
1281,0
1282,0
1283,1
1286,0
1287,1
1295,1
1301,1
1302,1
1309,1
1314,0
1317,1
1324,0
1329,1
1334,0
1335,1
1340,1
1348,0
1352,1
1354,1
1355,1
1357,0
1360,1
1365,1
1371,0
1372,1
1382,1
1383,0
1388,1
1390,0
1392,1
1395,1
1402,0
1403,1
1405,0
1406,1
1410,0
1413,1
1414,0
1415,0
1416,0
1417,0
1418,1
1421,1
1422,1
1426,0
1428,0
1429,1
1430,1
1432,1
1433,0
1439,0
1441,1
1443,0
1444,1
1446,0
1447,1
1451,0
1452,0
1453,1
1457,1
1458,0
1460,0
1461,0
1465,1
1468,0
1472,0
1473,1
1480,1
1481,0
1490,0
1492,1
1497,0
1500,1
1502,0
1503,1
1507,1
1516,0
1519,1
1520,1
1523,0
1526,1
1529,0
1533,0
1534,1
1536,0
1543,1
1556,1
1560,0
1564,1
1576,0
1580,1
1585,1
1591,0
1594,1
1597,1
1599,1
1603,1
1604,1
1610,0
1614,1
1618,1
1620,1
1627,0
1631,1
1635,1
1637,1
1650,0
1651,1
1652,1
1653,1
1664,0
1667,1
1670,0
1673,1
1676,1
1677,1
1686,0
1687,1
1695,0
1696,1
1710,0
1719,1
1723,0
1726,0
1727,0
1728,0
1732,1
1734,1
1742,1
1743,1
1745,0
1748,1
1751,0
1764,0
1767,1
1769,1
1772,0
1774,1
1776,0
1779,1
1782,0
1783,1
1788,0
1790,1
1792,0
1795,1
1800,1
1805,0
1806,0
1807,0
1810,0
1816,1
1817,0
1822,1
1823,0
1825,0
1830,0
1832,1
1835,1
1836,0
1838,0
1840,1
1842,1
1853,1
1862,1
1864,1
1867,1
1869,1
1871,1
1872,1
1873,1
1876,1
1884,0
1886,1
1889,1
1890,1
1894,0
1895,1
1897,0
1903,1
1906,0
1908,1
1909,1
1913,1
1915,0
1916,0
1917,0
1921,1
1927,1
1928,0
1936,0
1937,1
1939,0
1944,1
1946,1
1949,1
1950,1
1954,1
1955,1
1957,1
1959,1
1960,1
1961,0
1965,1
1968,0
1972,1
1974,1
1975,1
1978,1
1985,1
1990,1
1992,1
1998,1
2000,1
2001,0
2007,1
2010,1
2012,1
2014,0
2016,1
2017,0
2021,0
2023,1
2026,0
2032,1
2033,1
2034,0
2040,1
2048,0
2050,0
2051,0
2057,1
2059,1
2062,1
2067,0
2068,1
2069,1
2072,0
2074,1
2078,0
2080,0
2087,0
2088,1
2089,1
2095,0
2097,1
2102,1
2105,1
2108,0
2118,1
2119,1
2126,1
2129,1
2134,0
2136,0
2143,1
2144,1
2145,0
2146,0
2147,0
2151,1
2153,0
2156,1
2160,1
2161,1
2164,1
2169,0
2172,1
2176,0
2178,0
2187,1
2189,1
2193,0
2194,1
2196,0
2198,0
2200,1
2205,1
2206,1
2207,1
2210,1
2211,0
2213,1
2221,1
2225,1
2228,0
2229,1
2238,1
2241,0
2247,1
2251,0
2252,0
2259,1
2260,1
2264,0
2265,0
2267,1
2269,0
2270,1
2271,1
2280,1
2282,1
2296,1
2304,1
2306,1
2307,0
2316,1
2320,0
2321,0
2323,1
2327,0
2328,1
2330,1
2331,1
2332,0
2334,1
2340,1
2345,1
2347,1
2361,1
2366,1
2372,1
2380,1
2381,0
2382,0
2384,0
2385,1
2391,0
2392,1
2397,0
2404,1
2405,1
2410,0
2412,1
2421,0
2424,1
2429,0
2435,0
2438,1
2439,1
2443,1
2444,0
2450,0
2453,0
2457,0
2461,1
2462,1
2463,1
2465,0
2467,1
2469,0
2471,1
2478,0
2485,1
2487,0
2494,1
2499,1
2500,1
2501,1
2502,1
2503,1
2506,0
2509,1
2513,1
2514,0
2518,0
2519,1
2520,0
2522,0
2523,0
2531,1
2535,0
2537,0
2544,1
2552,1
2555,1
2556,0
2558,1
2561,1
2563,1
2566,1
2567,1
2568,0
2570,0
2574,0
2577,0
2583,0
2585,1
2589,1
2593,1
2602,0
2606,1
2607,0
2608,1
2613,1
2614,1
2618,0
2620,1
2622,0
2627,1
2631,1
2632,1
2638,0
2644,0
2645,1
2652,0
2660,1
2672,1
2681,1
2687,0
2691,1
2695,0
2696,0
2697,1
2702,0
2703,1
2709,0
2710,0
2715,0
2716,0
2717,0
2721,1
2727,0
2730,0
2732,1
2734,1
2737,1
2738,1
2740,1
2747,1
2758,1
2760,1
2763,1
2764,0
2771,1
2777,1
2778,0
2781,0
2783,1
2795,1
2797,1
2801,1
2805,1
2806,0
2807,0
2809,0
2811,1
2820,1
2826,1
2829,0
2830,0
2837,1
2839,1
2841,0
2842,0
2844,1
2846,1
2850,1
2851,0
2857,1
2866,1
2867,1
2869,0
2871,0
2881,1
2883,0
2891,1
2900,0
2902,1
2904,1
2914,0
2915,1
2916,1
2918,1
2919,0
2929,1
2933,0
2935,1
2936,1
2938,0
2944,1
2945,0
2946,0
2947,1
2948,0
2949,1
2950,0
2954,1
2955,0
2958,0
2961,0
2964,1
2965,1
2966,1
2967,1
2986,1
2987,0
2989,0
2990,1
2992,0
2993,1
2999,0
3000,1
3012,0
3015,1
3018,1
3020,1
3026,0
3028,0
3029,0
3031,0
3033,0
3034,0
3039,0
3043,0
3049,1
3052,1
3053,1
3055,1
3059,1
3060,0
3063,0
3064,1
3067,1
3069,1
3071,0
3072,0
3073,1
3078,0
3082,1
3084,1
3087,0
3089,1
3090,1
3093,1
3101,1
3102,1
3107,0
3115,0
3121,0
3122,1
3125,1
3127,0
3128,0
3130,0
3131,1
3136,0
3138,0
3142,1
3144,1
3149,1
3150,1
3152,1
3155,0
3158,1
3161,1
3164,0
3166,1
3168,0
3169,1
3181,1
3184,0
3185,1
3191,1
3199,1
3202,1
3203,1
3212,0
3216,0
3218,0
3219,0
3220,0
3223,1
3224,0
3231,1
3234,0
3240,1
3243,1
3252,0
3264,1
3267,0
3268,1
3273,0
3274,1
3275,1
3276,1
3277,0
3278,0
3281,0
3286,1
3287,1
3292,1
3294,0
3295,1
3296,1
3297,1
3298,1
3302,0
3310,0
3313,0
3315,1
3318,0
3320,1
3324,0
3326,0
3332,1
3339,0
3340,1
3350,0
3351,0
3357,0
3362,0
3363,1
3366,1
3370,1
3372,1
3373,1
3383,1
3389,0
3392,1
3397,0
3398,0
3399,1
3401,1
3402,1
3415,0
3416,1
3419,1
3422,1
3423,0
3425,1
3431,0
3440,1
3442,1
3444,0
3447,0
3449,1
3450,1
3451,1
3461,0
3467,1
3472,0
3483,1
3485,0
3494,0
3495,0
3499,1
3501,0
3502,0
3503,0
3507,1
3509,1
3515,0
3523,0
3529,1
3533,1
3534,0
3537,0
3544,1
3547,0
3555,1
3571,0
3573,1
3575,1
3576,0
3580,1
3581,1
3582,0
3583,0
3590,1
3592,1
3598,1
3600,1
3610,1
3614,0
3616,1
3617,0
3619,1
3621,1
3633,1
3634,1
3638,1
3642,0
3644,1
3659,0
3664,0
3670,1
3671,0
3672,0
3675,0
3678,0
3684,0
3685,0
3688,0
3689,1
3690,0
3695,0
3696,1
3699,0
3700,1
3701,1
3702,0
3708,1
3711,0
3714,1
3719,0
3721,0
3728,1
3735,0
3738,1
3741,1
3745,0
3749,1
3754,0
3755,0
3758,1
3764,1
3765,0
3771,1
3776,0
3781,0
3788,1
3790,1
3793,1
3798,0
3799,1
3802,1
3811,0
3813,0
3815,0
3816,0
3829,1
3836,1
3840,1
3841,1
3842,1
3843,0
3844,0
3851,1
3852,1
3854,0
3856,1
3863,1
3867,1
3868,1
3870,1
3871,1
3872,1
3878,0
3883,1
3884,0
3888,0
3899,1
3900,1
3902,1
3905,0
3908,0
3915,1
3916,0
3922,0
3923,0
3924,0
3925,0
3926,1
3928,1
3929,1
3933,0
3936,1
3938,1
3945,1
3949,0
3954,0
3960,0
3961,0
3969,1
3970,0
3974,0
3975,1
3978,0
3979,1
3987,1
3993,1
3997,0
4003,1
4007,0
4009,0
4010,0
4022,1
4028,0
4035,1
4036,1
4039,1
4042,1
4051,1
4053,1
4054,0
4057,1
4058,0
4061,0
4062,1
4064,0
4067,0
4070,1
4072,0
4073,1
4074,1
4075,1
4080,1
4084,1
4091,1
4095,0
4101,1
4105,1
4106,0
4108,0
4113,1
4114,0
4118,0
4122,1
4126,1
4127,1
4132,0
4135,0
4138,0
4139,0
4140,0
4141,1
4147,0
4149,0
4155,0
4157,1
4159,1
4160,0
4161,1
4162,1
4169,1
4179,0
4188,0
4197,0
4198,1
4200,0
4201,0
4202,1
4207,1
4208,1
4210,1
4225,1
4227,1
4229,0
4230,1
4232,1
4234,1
4236,0
4239,0
4244,1
4248,0
4255,1
4267,1
4272,0
4277,1
4291,1
4294,0
4300,0
4303,0
4304,1
4305,0
4308,1
4311,0
4312,0
4316,1
4320,1
4333,1
4335,0
4337,0
4340,1
4341,0
4346,1
4347,1
4356,1
4359,0
4363,1
4368,1
4371,1
4375,1
4378,0
4384,1
4386,0
4389,0
4395,0
4397,1
4404,1
4405,1
4406,0
4412,1
4413,1
4414,1
4418,0
4421,0
4426,0
4435,1
4438,0
4439,1
4440,0
4441,0
4444,1
4446,1
4450,1
4451,0
4457,0
4458,0
4466,0
4469,0
4471,1
4475,0
4477,0
4483,0
4486,0
4487,1
4488,1
4489,1
4491,1
4494,0
4495,1
4496,1
4497,1
4498,0
4499,1
4500,1
4501,1
4502,0
4503,0
4504,0
4509,0
4511,1
4514,1
4518,0
4521,1
4522,0
4524,0
4528,0
4536,1
4538,0
4539,0
4540,0
4542,0
4549,0
4550,1
4559,1
4561,0
4566,1
4569,1
4570,1
4572,1
4581,0
4583,1
4584,0
4585,1
4586,0
4591,1
4593,1
4594,0
4595,0
4601,0
4613,0
4614,0
4616,1
4618,0
4619,0
4622,0
4624,1
4626,0
4628,1
4629,0
4630,1
4631,1
4640,1
4642,1
4645,1
4646,0
4656,0
4658,0
4661,1
4669,0
4678,0
4685,0
4686,0
4687,1
4689,0
4694,0
4695,0
4696,1
4700,1
4705,1
4706,0
4710,1
4712,0
4714,0
4716,0
4717,1
4720,0
4726,0
4728,1
4731,1
4736,0
4740,1
4743,1
4744,1
4754,1
4755,1
4757,0
4758,1
4760,1
4763,0
4775,1
4781,0
4785,0
4787,0
4790,0
4791,1
4793,0
4805,1
4807,0
4816,1
4820,0
4823,1
4824,0
4828,0
4830,1
4831,0
4832,0
4839,1
4840,0
4843,1
4844,1
4854,0
4862,0
4867,1
4868,0
4869,1
4876,1
4883,0
4884,0
4888,0
4894,1
4896,1
4898,1
4901,1
4904,1
4908,1
4912,0
4913,0
4927,1
4938,1
4940,1
4941,1
4942,1
4944,0
4949,1
4956,1
4957,0
4966,0
4967,0
4972,1
4976,0
4978,0
4982,0
4985,0
4991,0
4995,1
4996,1
5000,0
5002,1
5004,1
5006,0
5013,1
5014,0
5018,1
5019,1
5020,0
5026,0
5029,0
5030,0
5031,0
5034,0
5035,0
5038,1
5039,1
5041,1
5043,1
5044,0
5051,1
5060,1
5061,1
5062,1
5065,0
5075,0
5081,1
5085,0
5086,1
5090,1
5092,1
5095,1
5101,0
5102,1
5104,1
5106,0
5108,0
5112,0
5113,1
5114,1
5115,1
5125,1
5126,1
5129,1
5132,0
5136,1
5137,1
5141,0
5146,1
5147,0
5148,1
5149,1
5151,0
5152,1
5156,0
5159,1
5168,0
5169,0
5172,1
5173,1
5175,1
5177,0
5179,1
5180,0
5181,1
5183,0
5184,0
5186,1
5193,1
5196,0
5198,1
5199,0
5201,1
5205,1
5208,0
5212,1
5217,1
5218,0
5221,1
5225,0
5231,0
5232,0
5240,0
5249,0
5251,0
5255,1
5262,1
5264,0
5279,0
5280,0
5283,1
5284,1
5285,1
5291,0
5299,0
5301,0
5302,0
5304,1
5307,0
5308,0
5310,0
5311,1
5319,0
5322,1
5323,1
5324,1
5326,1
5327,1
5332,1
5334,0
5336,1
5337,0
5338,1
5341,1
5348,0
5356,0
5357,0
5358,1
5360,1
5363,1
5364,0
5367,0
5373,0
5374,0
5376,1
5379,1
5385,0
5387,0
5389,1
5399,1
5403,0
5406,1
5407,1
5408,0
5410,0
5412,0
5413,1
5414,0
5418,1
5428,0
5430,1
5434,1
5435,1
5436,0
5437,0
5439,0
5440,1
5444,1
5448,0
5450,0
5451,0
5452,0
5453,0
5457,1
5471,1
5472,0
5473,0
5477,0
5482,0
5483,1
5491,0
5495,0
5501,1
5502,0
5506,1
5511,1
5513,1
5514,0
5521,1
5522,1
5525,1
5528,0
5532,1
5533,0
5538,0
5539,0
5545,1
5547,1
5551,1
5555,1
5557,0
5562,0
5569,0
5574,0
5580,0
5584,1
5590,1
5592,0
5594,1
5596,1
5601,0
5604,0
5612,0
5614,1
5618,1
5623,1
5624,1
5629,0
5634,0
5638,1
5640,0
5647,0
5651,0
5660,0
5663,0
5670,0
5673,1
5679,1
5680,0
5682,1
5688,1
5693,1
5694,1
5700,1
5704,1
5711,0
5714,1
5715,1
5717,1
5718,0
5727,1
5737,1
5738,0
5741,1
5748,1
5750,1
5751,1
5755,1
5757,1
5758,0
5761,1
5767,0
5778,1
5781,0
5789,1
5790,0
5791,1
5795,0
5797,0
5802,1
5803,1
5804,0
5810,0
5820,0
5822,1
5823,1
5828,1
5830,1
5832,0
5833,1
5834,0
5836,1
5841,0
5848,1
5849,0
5857,0
5858,0
5861,0
5863,1
5864,0
5866,1
5868,1
5870,1
5873,0
5874,0
5878,0
5880,0
5885,0
5886,1
5887,0
5889,1
5900,1
5905,0
5906,0
5907,0
5909,1
5912,0
5920,0
5924,0
5928,1
5929,0
5932,0
5933,1
5935,1
5936,0
5942,1
5943,1
5944,0
5945,0
5948,1
5949,1
5953,0
5954,0
5957,0
5958,0
5959,1
5960,1
5961,1
5966,0
5968,1
5970,1
5975,0
5976,1
5980,1
5987,1
5988,1
6000,1
6006,0
6013,1
6014,1
6015,1
6018,0
6026,1
6028,1
6033,0
6034,1
6037,0
6039,0
6042,1
6045,1
6048,0
6049,0
6050,1
6051,1
6052,0
6053,1
6055,1
6061,0
6063,1
6065,1
6070,1
6073,0
6074,1
6075,1
6083,0
6087,1
6091,0
6092,1
6097,0
6103,1
6104,0
6105,0
6111,0
6112,1
6124,1
6128,1
6129,1
6130,1
6134,1
6135,1
6138,0
6143,1
6144,0
6145,1
6149,1
6150,0
6153,1
6155,1
6156,0
6157,1
6159,0
6161,0
6163,1
6165,0
6172,0
6173,0
6175,0
6177,1
6179,1
6187,1
6191,0
6194,1
6198,0
6199,1
6201,0
6215,0
6216,1
6217,1
6219,0
6220,0
6222,0
6223,0
6234,0
6237,1
6238,1
6241,1
6243,0
6249,1
6250,1
6254,1
6255,1
6256,1
6257,0
6259,0
6266,1
6267,1
6269,0
6272,0
6273,0
6274,0
6279,1
6280,1
6289,0
6293,0
6307,1
6308,0
6309,1
6310,1
6313,1
6315,0
6319,1
6321,1
6323,1
6325,1
6326,1
6327,1
6332,0
6335,0
6340,0
6341,0
6351,0
6353,1
6357,0
6362,1
6364,0
6367,0
6378,0
6381,1
6396,1
6397,1
6398,1
6399,0
6403,1
6405,0
6406,0
6407,1
6409,0
6413,1
6421,1
6431,1
6435,1
6443,1
6447,0
6449,0
6456,1
6461,0
6463,1
6464,1
6467,1
6470,0
6471,1
6478,0
6479,0
6485,1
6487,1
6488,0
6489,0
6500,1
6511,0
6522,1
6524,0
6525,1
6527,0
6530,0
6535,1
6542,1
6543,0
6546,1
6547,0
6548,0
6553,0
6556,1
6559,1
6560,0
6569,0
6570,1
6572,0
6574,0
6576,0
6577,1
6582,1
6592,1
6593,0
6594,0
6595,1
6603,0
6604,1
6608,1
6610,0
6613,1
6615,1
6616,0
6620,1
6632,0
6639,1
6640,0
6642,0
6645,1
6647,0
6649,1
6653,0
6654,1
6661,1
6665,1
6667,1
6668,0
6669,1
6673,1
6680,0
6687,0
6689,1
6691,1
6694,0
6698,1
6701,1
6702,1
6703,1
6706,0
6707,0
6708,1
6712,1
6715,1
6721,1
6724,1
6728,0
6732,0
6734,1
6740,1
6742,1
6744,0
6749,0
6755,1
6757,1
6764,0
6767,0
6774,0
6779,0
6783,0
6787,1
6788,0
6792,0
6797,0
6805,0
6807,1
6811,1
6814,1
6817,0
6819,0
6820,1
6821,1
6825,1
6826,1
6829,0
6831,1
6833,1
6837,1
6841,1
6842,1
6843,1
6844,0
6845,1
6847,0
6848,1
6854,1
6856,1
6858,0
6859,1
6866,1
6870,1
6871,1
6877,1
6883,1
6887,1
6891,0
6893,0
6896,0
6902,0
6903,1
6905,1
6908,1
6914,1
6919,1
6924,0
6925,1
6926,0
6927,0
6940,0
6942,0
6946,0
6947,0
6948,1
6952,1
6954,1
6968,0
6975,0
6976,1
6978,0
6981,1
6984,1
6985,1
6986,0
6988,1
6994,1
6995,1
6996,0
6998,0
7001,0
7002,1
7003,0
7005,0
7010,0
7016,0
7022,1
7027,0
7033,0
7035,0
7040,0
7044,1
7045,1
7046,0
7051,0
7054,1
7056,0
7057,1
7058,1
7059,0
7060,1
7062,0
7063,1
7064,0
7065,0
7071,1
7073,1
7081,0
7085,1
7086,0
7090,0
7097,0
7100,0
7102,1
7107,1
7110,1
7111,1
7119,1
7120,0
7124,0
7131,1
7139,1
7140,0
7142,1
7145,1
7150,0
7154,0
7155,0
7159,1
7161,0
7162,1
7166,1
7167,1
7169,1
7170,1
7172,1
7173,0
7174,0
7175,1
7178,0
7181,0
7188,0
7199,0
7200,1
7202,1
7204,1
7205,0
7206,1
7207,0
7209,1
7212,0
7215,1
7217,1
7218,0
7220,0
7223,0
7232,0
7238,1
7250,0
7255,0
7257,0
7258,0
7260,0
7265,1
7266,0
7267,0
7270,1
7274,1
7279,0
7282,1
7286,1
7291,0
7292,1
7295,1
7300,1
7302,1
7305,1
7306,0
7307,1
7308,0
7309,1
7319,0
7327,0
7329,0
7330,0
7331,1
7332,1
7334,0
7338,0
7339,1
7342,0
7344,1
7347,0
7352,1
7367,0
7373,0
7375,1
7376,0
7379,1
7382,1
7389,1
7391,1
7392,0
7394,0
7397,1
7405,0
7407,1
7409,1
7410,0
7412,0
7414,1
7418,1
7422,0
7426,0
7428,0
7433,1
7435,0
7440,0
7442,0
7443,1
7444,0
7451,1
7452,0
7456,1
7458,1
7464,0
7466,1
7470,1
7471,1
7478,1
7498,1
7502,0
7507,0
7519,1
7523,1
7525,0
7536,1
7541,0
7544,0
7547,0
7549,0
7550,0
7555,0
7561,0
7563,0
7564,0
7566,1
7569,1
7572,0
7577,0
7579,1
7584,0
7591,0
7593,0
7602,0
7603,1
7607,1
7610,1
7612,1
7613,0
7616,1
7620,1
7622,0
7625,1
7626,1
7627,0
7628,1
7629,1
7630,1
7634,1
7635,1
7637,1
7638,0
7639,1
7640,1
7641,0
7645,1
7648,1
7649,1
7650,0
7654,0
7663,1
7666,0
7667,1
7668,1
7669,1
7678,0
7679,1
7683,0
7685,1
7686,0
7690,1
7692,1
7693,0
7696,1
7697,0
7705,0
7706,1
7707,0
7709,1
7712,1
7713,1
7716,1
7725,1
7726,1
7727,1
7733,1
7734,1
7741,1
7742,0
7746,1
7747,1
7748,0
7750,1
7752,0
7753,1
7755,1
7757,0
7769,1
7774,1
7781,0
7785,0
7790,1
7794,0
7796,1
7798,0
7799,0
7809,1
7812,1
7814,0
7816,0
7821,0
7822,1
7829,1
7836,0
7840,1
7841,1
7849,0
7852,0
7855,0
7856,1
7858,0
7862,0
7873,1
7875,0
7876,1
7881,0
7886,1
7888,1
7895,0
7896,1
7901,0
7906,0
7920,1
7923,1
7927,1
7931,1
7936,1
7937,0
7938,1
7942,0
7943,1
7946,1
7948,1
7950,1
7953,1
7957,1
7962,1
7963,1
7966,0
7967,1
7976,1
7986,0
7992,1
7999,1
8001,0
8003,1
8011,0
8014,1
8019,1
8024,0
8026,1
8027,1
8028,1
8030,0
8032,0
8036,0
8037,1
8038,1
8039,1
8041,0
8043,1
8044,1
8045,1
8046,0
8052,1
8053,1
8054,0
8055,1
8056,1
8057,1
8060,1
8066,1
8068,0
8071,0
8073,0
8076,0
8081,1
8082,1
8083,1
8089,0
8092,0
8099,1
8101,0
8103,1
8110,0
8112,0
8116,1
8122,1
8126,0
8129,1
8131,1
8132,1
8133,0
8136,1
8137,0
8139,1
8140,1
8144,1
8145,0
8156,1
8157,1
8159,1
8160,1
8161,1
8162,0
8167,0
8169,0
8170,0
8172,0
8177,0
8186,1
8192,0
8200,1
8201,1
8202,1
8213,0
8214,1
8215,1
8216,1
8219,1
8221,0
8223,0
8227,1
8229,0
8234,1
8244,0
8246,1
8247,1
8253,1
8256,0
8273,1
8276,1
8282,1
8285,1
8292,1
8293,1
8294,0
8295,1
8296,0
8299,1
8302,0
8307,0
8311,1
8314,1
8319,0
8321,0
8322,0
8323,1
8324,1
8331,0
8333,0
8334,0
8338,0
8339,0
8340,1
8349,1
8354,0
8355,0
8362,0
8366,0
8369,1
8371,0
8373,0
8376,0
8384,0
8387,0
8388,0
8389,0
8390,1
8392,1
8396,1
8398,1
8400,1
8411,0
8413,0
8419,1
8420,1
8425,1
8426,1
8429,1
8431,0
8432,0
8433,1
8438,0
8439,1
8440,1
8442,1
8443,0
8448,1
8453,1
8455,1
8460,0
8465,1
8466,1
8470,0
8472,0
8473,0
8475,1
8477,1
8483,0
8484,0
8490,1
8493,0
8497,1
8500,1
8503,1
8515,0
8519,1
8520,0
8521,1
8528,1
8532,0
8534,0
8545,1
8547,0
8552,1
8553,1
8554,0
8557,0
8558,0
8561,1
8564,1
8571,0
8572,0
8576,1
8577,0
8585,1
8586,1
8587,1
8589,1
8596,1
8597,1
8599,0
8600,1
8603,0
8606,0
8607,1
8608,1
8611,0
8612,1
8615,1
8618,1
8619,1
8621,0
8622,1
8626,0
8632,1
8641,0
8642,0
8643,0
8644,1
8647,1
8648,1
8651,1
8656,0
8657,1
8659,1
8662,1
8664,1
8665,1
8672,1
8673,0
8675,1
8678,1
8682,0
8684,1
8686,1
8690,1
8693,0
8694,1
8696,0
8700,0
8702,1
8704,0
8708,1
8711,0
8713,0
8716,0
8728,1
8730,1
8731,0
8732,1
8733,1
8734,0
8736,1
8738,1
8739,0
8740,0
8743,0
8752,1
8761,0
8762,1
8772,0
8778,1
8779,1
8780,0
8782,1
8783,1
8787,0
8789,1
8794,0
8800,1
8801,1
8811,0
8815,0
8817,1
8818,0
8822,0
8824,0
8826,0
8827,1
8829,1
8830,1
8831,0
8835,0
8836,1
8839,0
8840,0
8841,1
8844,0
8848,0
8849,0
8851,1
8852,1
8853,0
8859,0
8860,1
8861,1
8865,0
8866,0
8868,0
8870,0
8871,1
8873,1
8884,1
8885,0
8890,1
8893,1
8897,0
8899,0
8902,0
8903,1
8905,0
8906,1
8909,1
8910,0
8911,0
8912,0
8913,1
8915,0
8916,0
8917,1
8922,1
8926,1
8932,0
8935,1
8936,1
8937,0
8943,1
8946,0
8950,0
8951,0
8962,1
8966,1
8968,0
8971,1
8972,1
8974,0
8975,1
8978,0
8979,1
8983,0
8984,0
8987,1
8993,1
8994,0
8995,1
8996,1
9000,1
9001,1
9002,1
9005,0
9008,0
9009,0
9010,0
9012,0
9020,1
9021,1
9023,1
9024,0
9028,1
9030,1
9043,0
9045,1
9046,1
9052,1
9054,1
9056,1
9059,0
9061,1
9062,1
9063,0
9065,0
9067,1
9069,0
9072,1
9075,1
9078,0
9086,0
9089,0
9093,0
9094,0
9096,1
9098,1
9099,0
9104,0
9105,1
9106,1
9113,1
9115,1
9117,0
9119,1
9129,1
9130,0
9133,0
9136,0
9138,0
9144,1
9145,0
9148,0
9151,0
9153,1
9156,1
9164,0
9167,0
9168,1
9170,0
9172,1
9177,1
9182,1
9192,1
9193,0
9199,1
9202,1
9205,1
9210,0
9212,0
9214,1
9215,0
9218,1
9219,1
9225,0
9238,0
9239,0
9242,1
9243,1
9245,1
9246,0
9250,0
9253,1
9254,0
9259,0
9263,0
9277,1
9280,0
9282,0
9283,1
9284,0
9286,0
9293,1
9294,1
9295,0
9296,1
9298,1
9299,0
9300,1
9302,0
9308,1
9311,1
9314,1
9315,1
9317,1
9322,1
9324,1
9326,1
9327,1
9329,1
9334,1
9336,0
9343,1
9345,1
9346,0
9351,1
9361,1
9362,0
9363,0
9370,1
9376,1
9380,0
9381,1
9382,1
9385,1
9391,0
9393,1
9394,1
9396,1
9399,1
9402,0
9404,0
9410,0
9414,1
9417,1
9425,1
9426,1
9436,1
9438,0
9439,1
9441,1
9444,0
9453,1
9456,1
9463,1
9465,1
9469,1
9470,0
9472,0
9475,0
9478,0
9480,1
9482,1
9483,1
9486,0
9490,0
9493,1
9496,0
9497,0
9500,0
9503,0
9506,0
9509,0
9512,1
9513,0
9524,0
9525,0
9528,0
9529,0
9538,1
9545,1
9550,0
9551,1
9552,1
9557,1
9558,1
9559,0
9561,0
9562,0
9564,0
9565,1
9566,1
9568,1
9569,0
9574,1
9576,1
9581,1
9588,1
9589,1
9598,1
9609,0
9613,0
9617,0
9618,0
9622,0
9623,1
9624,0
9629,1
9639,1
9640,1
9642,1
9644,0
9648,1
9661,0
9668,1
9672,1
9677,1
9678,1
9679,1
9681,0
9686,1
9690,0
9693,0
9695,0
9696,1
9706,1
9709,1
9710,1
9711,1
9713,0
9718,0
9719,0
9721,0
9722,0
9723,1
9725,1
9726,0
9731,1
9733,1
9737,0
9738,1
9741,1
9742,1
9745,0
9747,0
9750,1
9753,1
9755,1
9756,0
9758,0
9761,1
9767,1
9772,0
9773,0
9776,1
9783,1
9784,1
9786,1
9787,1
9788,1
9789,1
9798,1
9799,0
9801,0
9802,1
9803,1
9813,1
9815,0
9816,1
9829,0
9830,1
9843,0
9848,1
9850,1
9852,1
9854,1
9861,0
9864,1
9865,0
9866,1
9868,1
9869,0
9870,1
9871,1
9873,0
9877,1
9880,0
9882,1
9889,1
9892,1
9894,0
9897,0
9900,0
9905,1
9907,1
9911,1
9912,0
9917,1
9918,0
9922,1
9923,1
9924,0
9928,0
9929,0
9931,1
9937,0
9943,1
9949,0
9950,0
9951,1
9953,1
9959,1
9960,0
9964,0
9968,1
9969,0
9972,1
9974,0
9976,0
9981,0
9983,0
9984,0
9985,1
9987,0
9988,1
9996,1
9999,0
10000,0
10001,0
10007,1
10008,1
10013,0
10015,0
10020,1
10021,1
10026,1
10027,0
10028,0
10032,0
10035,1
10038,1
10040,0
10044,1
10047,0
10048,1
10052,0
10056,1
10057,0
10063,1
10066,1
10067,1
10068,1
10070,0
10073,1
10080,0
10084,1
10090,0
10092,1
10095,1
10096,0
10097,0
10098,1
10106,0
10107,0
10108,1
10109,0
10110,0
10112,0
10120,0
10121,0
10126,1
10141,1
10142,1
10144,1
10146,0
10147,1
10152,1
10154,1
10156,0
10163,0
10168,0
10169,1
10176,1
10178,0
10180,1
10182,0
10183,1
10187,0
10191,1
10192,0
10194,1
10197,1
10198,0
10199,0
10208,1
10214,1
10219,1
10222,1
10224,0
10233,1
10238,1
10253,0
10260,1
10264,1
10266,1
10267,0
10270,0
10277,0
10288,1
10289,1
10292,1
10293,1
10294,1
10296,1
10299,0
10305,0
10314,0
10316,0
10325,1
10327,0
10329,1
10332,1
10337,1
10338,0
10340,0
10345,1
10349,1
10351,1
10352,0
10354,1
10356,1
10359,0
10363,0
10365,0
10367,0
10373,0
10375,0
10379,1
10380,1
10386,1
10393,1
10398,1
10406,1
10408,1
10409,1
10410,1
10412,1
10415,1
10423,1
10426,0
10427,0
10431,1
10432,0
10437,0
10442,1
10450,1
10453,0
10457,1
10460,0
10461,0
10463,0
10464,1
10466,1
10468,0
10474,1
10479,1
10485,1
10493,1
10495,0
10496,0
10500,1
10504,0
10506,0
10513,0
10515,0
10517,1
10519,0
10528,0
10531,1
10532,1
10534,1
10538,1
10540,1
10541,1
10542,0
10543,0
10547,0
10549,1
10551,1
10552,1
10553,1
10565,1
10566,1
10567,1
10568,1
10570,0
10574,1
10576,1
10584,0
10587,0
10590,0
10592,1
10595,0
10598,0
10599,1
10601,0
10603,0
10610,1
10615,0
10618,0
10621,1
10623,0
10625,0
10627,1
10635,0
10637,1
10641,1
10644,0
10649,0
10654,1
10658,0
10659,1
10662,0
10665,1
10667,1
10668,1
10669,1
10670,1
10672,0
10673,1
10674,0
10678,0
10682,1
10686,1
10689,0
10691,1
10692,0
10695,0
10696,1
10700,1
10702,1
10707,1
10713,1
10715,0
10716,1
10717,0
10721,0
10730,1
10733,0
10734,1
10735,0
10738,1
10740,1
10743,1
10744,0
10747,1
10752,0
10753,1
10754,0
10757,0
10761,1
10763,1
10768,1
10773,1
10777,0
10779,0
10788,1
10790,0
10792,1
10793,1
10795,0
10802,1
10808,1
10809,1
10811,1
10813,0
10817,1
10821,1
10823,1
10825,1
10831,1
10833,0
10835,0
10838,1
10839,0
10845,1
10847,0
10849,0
10851,1
10857,1
10858,0
10861,1
10862,1
10863,1
10865,1
10866,0
10883,1
10891,1
10892,1
10893,1
10896,1
10901,0
10906,0
10909,1
10910,1
10917,1
10918,0
10920,1
10921,1
10923,0
10924,1
10927,1
10934,0
10935,0
10936,1
10938,1
10945,0
10948,1
10951,1
10958,0
10961,1
10963,1
10970,0
10971,0
10973,0
10981,1
10982,1
10983,1
10984,1
10989,0
10990,1
10991,0
10994,1
10998,1
11006,1
11012,1
11014,0
11019,1
11023,1
11027,1
11028,0
11029,0
11030,1
11042,1
11047,1
11049,0
11054,0
11055,1
11059,1
11060,0
11070,1
11071,0
11072,1
11074,1
11077,0
11079,1
11081,1
11082,0
11084,1
11086,0
11095,0
11102,1
11103,1
11104,0
11108,0
11110,1
11113,0
11124,0
11128,0
11129,0
11133,1
11135,1
11139,1
11144,0
11147,0
11149,1
11150,1
11153,1
11154,0
11156,1
11158,0
11162,1
11163,1
11167,1
11169,1
11170,1
11175,0
11177,0
11185,0
11186,0
11188,0
11198,1
11199,1
11201,1
11206,0
11207,1
11219,1
11220,1
11222,0
11226,0
11229,0
11230,0
11237,1
11240,0
11242,1
11244,1
11248,1
11249,0
11250,1
11251,1
11254,0
11255,0
11258,1
11262,1
11270,0
11272,1
11281,1
11282,0
11283,1
11284,0
11285,1
11290,1
11294,1
11302,1
11306,0
11307,0
11308,0
11314,0
11318,1
11323,1
11327,0
11328,1
11332,1
11333,1
11336,0
11337,1
11338,0
11339,1
11340,1
11346,0
11349,0
11351,0
11352,0
11353,1
11355,0
11364,0
11369,1
11370,0
11382,0
11388,1
11391,0
11392,1
11400,1
11404,1
11406,1
11411,1
11412,1
11418,1
11424,1
11425,1
11434,0
11438,1
11447,0
11448,0
11449,1
11450,0
11451,1
11456,1
11457,1
11459,0
11461,1
11462,1
11463,1
11471,1
11483,0
11489,0
11496,0
11497,1
11507,0
11515,1
11520,1
11522,1
11524,0
11526,0
11529,0
11531,0
11544,1
11548,0
11551,0
11553,0
11558,1
11564,1
11566,0
11567,1
11570,0
11574,1
11580,1
11581,0
11582,0
11587,1
11588,0
11589,0
11593,0
11595,0
11600,1
11601,0
11603,1
11605,0
11607,0
11608,0
11609,0
11611,1
11614,1
11616,0
11621,0
11626,1
11627,1
11629,1
11633,1
11637,0
11655,1
11656,0
11657,1
11666,1
11668,0
11670,0
11672,1
11679,1
11680,0
11681,0
11682,0
11691,0
11698,0
11699,0
11701,0
11702,1
11704,0
11709,1
11711,1
11712,1
11714,0
11726,1
11729,1
11733,1
11737,1
11738,0
11748,0
11753,1
11756,1
11757,0
11759,1
11760,1
11766,0
11770,0
11771,0
11773,1
11776,1
11779,0
11786,0
11790,1
11791,1
11798,1
11801,0
11803,1
11804,1
11806,0
11807,0
11808,0
11809,1
11810,1
11815,0
11822,1
11823,0
11827,1
11830,1
11831,1
11833,1
11836,0
11843,0
11847,1
11850,0
11852,0
11854,0
11857,1
11858,1
11861,1
11864,0
11870,1
11871,1
11876,0
11877,1
11881,0
11884,0
11898,1
11899,0
11900,1
11903,1
11905,0
11908,1
11909,1
11910,1
11911,1
11916,1
11919,1
11923,0
11927,1
11928,1
11929,0
11933,0
11939,1
11945,0
11948,0
11949,1
11955,1
11958,0
11960,0
11965,1
11967,0
11968,1
11970,0
11973,1
11975,0
11976,0
11981,0
11982,0
11983,1
11987,1
11990,0
11992,0
11995,0
11997,0
12001,0
12002,1
12008,0
12012,1
12014,0
12018,1
12030,1
12034,1
12036,1
12037,1
12038,0
12041,1
12045,0
12050,1
12052,1
12053,0
12059,1
12066,1
12074,0
12075,1
12076,1
12080,1
12082,0
12083,0
12084,0
12085,0
12089,1
12090,0
12097,0
12099,1
12111,1
12114,1
12121,0
12132,0
12135,1
12136,1
12137,1
12138,1
12140,1
12143,1
12144,1
12145,0
12146,1
12147,1
12150,0
12151,1
12154,0
12163,1
12169,1
12170,1
12171,1
12181,1
12182,1
12184,0
12187,1
12188,0
12197,1
12199,1
12200,1
12202,0
12204,1
12208,0
12211,1
12218,1
12224,1
12228,1
12242,0
12243,1
12246,1
12248,1
12251,1
12253,1
12262,0
12264,1
12267,1
12269,1
12273,1
12279,0
12291,1
12294,0
12295,0
12297,0
12304,0
12308,0
12310,0
12318,1
12321,0
12322,0
12323,0
12331,1
12334,0
12336,1
12337,1
12344,1
12349,1
12350,0
12351,1
12352,0
12364,1
12370,1
12380,0
12382,1
12386,1
12391,1
12397,1
12398,1
12400,1
12408,0
12412,0
12413,1
12416,1
12429,1
12431,1
12432,0
12434,1
12436,1
12446,1
12448,1
12453,0
12462,1
12463,1
12464,1
12465,0
12467,0
12470,1
12476,1
12477,0
12479,1
12481,0
12482,1
12484,0
12486,1
12488,1
12490,0
12492,0
12496,1
12506,1
12512,0
12516,1
12524,1
12525,0
12530,1
12531,1
12533,1
12540,1
12544,0
12545,1
12550,1
12551,1
12554,0
12558,1
12561,0
12574,1
12577,1
12578,0
12581,1
12583,0
12586,0
12587,1
12588,0
12589,0
12592,0
12599,1
12607,0
12609,1
12610,1
12611,1
12612,1
12613,1
12614,0
12619,1
12620,1
12621,1
12627,1
12628,1
12629,1
12632,1
12633,1
12634,1
12635,0
12636,0
12639,1
12646,1
12650,1
12654,1
12656,0
12657,1
12658,1
12662,0
12663,1
12672,0
12676,0
12677,0
12678,0
12680,0
12684,1
12689,0
12694,0
12695,1
12698,0
12700,0
12703,0
12711,0
12712,1
12713,0
12717,0
12718,0
12719,0
12725,1
12727,0
12732,0
12736,1
12739,0
12740,0
12741,0
12744,0
12746,1
12749,1
12750,1
12762,1
12769,0
12770,0
12778,0
12779,1
12784,1
12785,0
12787,0
12789,1
12790,0
12791,0
12794,0
12798,1
12802,0
12805,0
12809,0
12817,1
12820,1
12821,0
12822,0
12823,1
12828,0
12832,0
12835,1
12839,0
12844,0
12848,1
12849,0
12851,1
12853,1
12858,0
12860,0
12863,1
12866,0
12870,0
12882,1
12884,1
12888,1
12894,1
12895,1
12902,0
12903,0
12904,1
12907,0
12909,1
12910,0
12912,1
12915,0
12920,1
12922,0
12926,0
12929,0
12933,1
12934,1
12937,1
12943,0
12945,1
12949,1
12955,1
12956,0
12968,0
12973,0
12975,1
12988,1
12991,1
12993,1
12998,1
13002,0
13003,1
13005,1
13008,0
13013,0
13017,1
13020,0
13021,1
13024,0
13025,1
13034,1
13036,0
13041,0
13044,0
13045,0
13048,0
13050,1
13051,0
13058,0
13061,1
13066,1
13067,1
13071,0
13072,1
13073,1
13075,1
13078,1
13083,1
13088,1
13091,0
13097,0
13100,1
13102,0
13109,1
13111,1
13113,1
13116,1
13120,0
13122,0
13128,1
13132,0
13137,1
13140,1
13141,0
13145,1
13152,1
13153,1
13157,1
13158,0
13160,1
13176,0
13178,1
13182,1
13187,1
13190,1
13194,1
13207,1
13209,0
13210,1
13212,0
13214,1
13216,0
13220,0
13225,0
13226,0
13227,0
13229,1
13230,1
13232,1
13234,1
13236,1
13248,1
13252,1
13255,1
13259,1
13265,0
13266,1
13269,0
13273,0
13279,1
13280,1
13285,0
13286,1
13293,1
13295,0
13297,1
13301,0
13306,1
13308,0
13317,1
13324,1
13326,0
13327,0
13329,1
13332,0
13333,1
13335,0
13341,1
13344,1
13356,0
13360,1
13361,1
13363,1
13365,1
13372,1
13378,0
13379,0
13380,0
13387,1
13388,0
13389,0
13391,1
13392,0
13393,1
13396,0
13397,1
13401,1
13414,1
13416,1
13418,1
13419,1
13423,1
13427,0
13430,0
13431,1
13433,0
13439,0
13440,1
13441,1
13444,1
13452,0
13459,0
13462,0
13463,1
13465,0
13466,1
13467,1
13468,1
13480,0
13487,1
13488,0
13497,1
13500,0
13508,1
13509,0
13510,1
13511,1
13512,1
13513,1
13514,0
13515,0
13520,1
13524,1
13525,0
13526,0
13529,1
13534,0
13535,0
13544,1
13549,1
13550,0
13553,0
13555,0
13559,1
13561,0
13563,1
13567,1
13568,0
13570,1
13574,0
13576,0
13579,1
13580,0
13582,0
13585,1
13588,0
13594,0
13597,1
13606,0
13613,1
13615,0
13616,1
13617,1
13620,0
13622,0
13624,0
13636,1
13638,1
13640,1
13642,0
13644,0
13647,1
13648,0
13650,0
13651,1
13652,1
13653,1
13654,1
13656,0
13658,0
13665,0
13668,0
13669,1
13676,0
13678,1
13679,1
13680,0
13682,1
13693,1
13704,1
13712,1
13715,1
13717,1
13721,1
13722,1
13723,1
13724,1
13730,0
13731,1
13732,1
13737,1
13738,0
13739,0
13749,0
13756,0
13759,1
13763,0
13765,0
13766,0
13769,1
13770,0
13773,0
13775,0
13780,0
13783,0
13784,1
13786,1
13788,1
13791,1
13796,1
13803,0
13812,0
13814,1
13815,1
13816,1
13818,0
13820,0
13825,0
13826,0
13833,0
13836,1
13837,1
13841,1
13842,1
13844,1
13848,1
13850,1
13851,0
13853,0
13855,0
13857,0
13859,1
13869,0
13870,1
13871,1
13874,1
13875,1
13878,1
13880,0
13885,1
13887,0
13893,0
13895,0
13900,1
13902,0
13906,1
13910,1
13918,0
13922,1
13927,0
13938,0
13939,1
13942,1
13943,0
13944,0
13946,1
13948,0
13962,0
13969,1
13973,1
13975,0
13977,1
13978,0
13982,0
13986,1
13987,0
13988,1
13989,0
13991,0
13994,1
13995,0
13997,0
14000,0
14007,0
14008,1
14013,1
14015,1
14018,0
14026,1
14035,0
14036,0
14038,0
14042,1
14043,0
14047,1
14048,1
14053,0
14054,1
14057,0
14059,0
14063,0
14070,0
14071,0
14078,0
14087,1
14089,0
14095,1
14099,1
14107,1
14108,0
14111,0
14114,1
14115,0
14119,0
14123,0
14124,1
14127,1
14131,1
14132,0
14145,1
14153,1
14154,1
14156,1
14171,0
14177,0
14180,1
14181,0
14193,0
14194,1
14199,1
14201,0
14202,0
14203,1
14212,0
14219,1
14221,1
14223,1
14224,0
14226,1
14227,1
14235,0
14239,1
14242,0
14244,0
14251,1
14253,0
14255,1
14257,0
14259,1
14261,1
14268,1
14285,0
14292,1
14296,1
14301,1
14307,1
14308,0
14311,0
14313,0
14314,1
14316,0
14319,1
14321,0
14323,1
14324,0
14325,0
14335,0
14336,0
14338,0
14343,1
14358,0
14360,1
14361,1
14362,0
14366,1
14367,1
14372,0
14374,1
14377,0
14379,1
14381,1
14384,1
14389,1
14390,0
14391,0
14393,0
14395,1
14405,1
14410,1
14412,1
14413,1
14414,1
14418,0
14420,0
14427,0
14430,1
14432,1
14434,0
14435,0
14436,1
14437,1
14438,0
14439,0
14444,0
14452,1
14455,0
14458,1
14465,0
14476,1
14477,1
14483,1
14485,1
14487,0
14497,1
14501,1
14505,1
14506,0
14509,1
14514,0
14516,0
14517,1
14522,0
14523,1
14530,1
14532,1
14534,1
14536,0
14542,1
14543,1
14547,1
14549,1
14552,0
14554,0
14555,1
14559,0
14564,1
14567,0
14570,1
14572,0
14575,1
14576,1
14579,0
14582,1
14583,1
14584,0
14590,1
14591,1
14599,0
14601,1
14604,1
14606,1
14607,1
14609,0
14611,1
14617,0
14618,0
14619,1
14621,0
14622,1
14629,1
14632,0
14633,1
14634,1
14636,1
14638,0
14641,1
14642,0
14647,1
14650,1
14653,1
14656,1
14664,0
14666,0
14668,0
14670,1
14672,1
14673,0
14679,1
14689,1
14692,1
14693,1
14699,0
14700,0
14702,1
14705,1
14711,0
14712,0
14715,0
14719,1
14723,0
14725,1
14730,1
14736,0
14738,1
14739,1
14740,1
14741,1
14742,1
14743,0
14744,1
14746,1
14749,0
14755,0
14757,1
14759,0
14761,1
14763,0
14764,1
14765,1
14766,1
14771,0
14772,0
14774,1
14777,1
14778,1
14779,0
14783,1
14787,0
14790,1
14794,1
14796,1
14799,0
14801,0
14807,1
14809,1
14818,1
14820,0
14821,1
14826,0
14828,0
14829,1
14830,0
14831,1
14834,1
14835,1
14836,0
14841,0
14843,0
14851,0
14853,1
14860,0
14863,0
14868,1
14869,1
14872,1
14874,0
14879,1
14880,0
14881,0
14883,1
14889,0
14892,0
14904,1
14909,0
14910,0
14918,1
14920,1
14924,1
14937,0
14939,0
14943,1
14945,0
14949,1
14954,1
14973,1
14977,0
14978,0
14979,0
14983,1
14985,1
14988,1
14989,0
14990,0
14995,1
14996,1
14997,1
14998,1
15001,1
15006,0
15007,1
15008,1
15010,1
15011,1
15016,1
15021,1
15022,0
15023,0
15028,0
15030,0
15032,1
15038,1
15040,1
15042,1
15046,1
15049,1
15058,0
15061,0
15064,1
15070,1
15073,1
15075,1
15077,1
15078,0
15081,0
15082,1
15083,1
15087,0
15098,1
15100,1
15103,1
15107,0
15110,1
15117,0
15124,0
15126,0
15127,1
15132,1
15133,1
15134,0
15146,1
15149,0
15151,1
15152,1
15155,1
15158,1
15159,1
15160,0
15163,0
15165,0
15168,0
15170,0
15175,0
15181,0
15190,1
15193,0
15194,1
15195,0
15200,0
15201,0
15204,1
15206,0
15210,0
15214,1
15222,0
15223,1
15227,1
15242,1
15243,0
15245,0
15246,1
15247,0
15253,1
15257,1
15259,1
15260,1
15265,0
15272,0
15273,0
15284,0
15287,1
15291,1
15292,1
15294,1
15295,1
15297,1
15298,0
15303,0
15312,1
15314,1
15315,0
15322,0
15326,1
15329,1
15330,1
15333,1
15335,1
15338,0
15339,1
15343,1
15347,1
15349,0
15351,1
15352,1
15353,0
15358,1
15363,1
15365,1
15366,1
15367,1
15368,1
15372,0
15374,1
15379,0
15390,0
15397,1
15400,0
15403,1
15404,1
15408,0
15409,0
15412,1
15414,1
15418,0
15423,0
15427,0
15437,0
15440,1
15448,1
15456,0
15461,1
15462,1
15463,1
15465,1
15469,1
15472,0
15474,1
15482,1
15483,0
15484,1
15486,1
15490,0
15491,1
15496,1
15500,0
15502,1
15505,1
15508,0
15519,1
15520,1
15522,1
15529,1
15536,1
15542,0
15545,1
15551,0
15552,1
15553,0
15556,1
15557,1
15559,1
15562,1
15566,0
15578,1
15582,0
15583,0
15593,0
15598,1
15605,1
15607,0
15608,1
15620,1
15623,1
15624,1
15627,0
15631,0
15632,0
15638,0
15641,1
15647,0
15652,0
15656,1
15660,1
15678,1
15684,1
15685,1
15689,1
15690,0
15698,0
15700,0
15702,1
15703,1
15713,1
15715,1
15720,0
15721,0
15723,1
15725,0
15728,1
15732,0
15742,0
15744,0
15745,1
15746,0
15758,1
15762,0
15763,1
15767,0
15768,1
15769,0
15770,0
15772,1
15775,0
15777,0
15779,0
15786,0
15787,1
15791,1
15798,0
15804,1
15807,0
15810,0
15813,0
15816,0
15819,0
15822,1
15826,0
15830,0
15833,1
15837,1
15840,0
15843,0
15844,1
15853,1
15856,0
15860,0
15861,1
15864,1
15865,1
15866,0
15867,0
15869,0
15871,0
15872,0
15876,0
15877,1
15879,1
15883,1
15888,0
15889,1
15890,1
15891,1
15892,1
15895,0
15897,1
15898,1
15906,0
15910,1
15911,1
15912,0
15919,0
15922,1
15931,1
15935,0
15940,0
15941,1
15942,0
15943,1
15945,1
15946,0
15950,1
15953,1
15954,0
15957,1
15958,1
15961,0
15965,0
15970,0
15980,1
15989,1
15998,1
16008,0
16010,0
16020,0
16021,0
16022,0
16028,1
16029,1
16031,0
16032,0
16036,0
16039,0
16040,1
16044,1
16045,0
16049,1
16056,1
16058,1
16059,1
16066,0
16068,0
16069,1
16070,1
16071,0
16092,0
16104,1
16107,1
16109,1
16114,0
16118,0
16123,1
16129,1
16131,0
16137,0
16138,0
16141,1
16142,0
16146,1
16156,1
16161,1
16165,0
16166,1
16169,0
16170,1
16176,1
16179,0
16180,1
16184,1
16185,0
16187,0
16188,1
16193,0
16196,0
16199,1
16201,1
16203,0
16204,0
16213,1
16214,0
16216,1
16217,0
16220,0
16228,0
16229,1
16240,1
16242,0
16252,0
16258,0
16259,1
16261,1
16263,0
16264,1
16265,0
16266,0
16270,1
16272,1
16274,1
16276,1
16279,1
16282,0
16284,1
16287,0
16288,1
16292,0
16293,1
16297,1
16300,0
16301,1
16303,1
16304,0
16310,0
16311,1
16318,1
16332,0
16333,1
16334,1
16337,1
16339,1
16341,0
16342,0
16343,1
16349,0
16352,1
16353,0
16358,0
16365,1
16371,1
16378,1
16381,1
16385,0
16387,0
16388,0
16389,1
16398,1
16400,1
16401,1
16409,1
16411,1
16412,0
16415,1
16419,0
16422,1
16424,1
16425,1
16426,1
16442,0
16443,0
16444,1
16445,1
16446,1
16447,0
16448,1
16450,0
16451,0
16453,0
16462,1
16464,0
16465,1
16469,1
16470,1
16471,0
16472,1
16473,1
16474,0
16475,0
16476,0
16479,1
16482,0
16486,1
16489,1
16493,1
16494,1
16498,0
16503,0
16504,1
16508,0
16513,1
16514,0
16516,0
16518,1
16525,0
16530,1
16533,0
16535,0
16540,1
16542,1
16546,1
16547,1
16552,0
16553,1
16554,1
16557,1
16562,1
16564,0
16565,1
16570,0
16574,0
16578,1
16583,1
16586,1
16587,1
16589,0
16595,0
16596,0
16598,0
16605,0
16607,0
16609,0
16611,1
16612,0
16614,1
16625,0
16628,0
16631,0
16633,1
16634,1
16636,0
16637,1
16638,1
16645,0
16653,1
16656,0
16658,0
16661,1
16662,1
16664,1
16675,0
16677,1
16679,1
16680,0
16681,0
16682,0
16684,0
16685,0
16688,0
16690,1
16692,1
16694,0
16699,1
16702,0
16703,0
16704,0
16706,0
16719,1
16721,1
16723,0
16725,0
16726,0
16727,0
16733,1
16735,1
16747,1
16748,1
16751,1
16752,0
16757,1
16761,0
16762,1
16764,0
16766,0
16770,1
16772,0
16777,1
16778,1
16785,0
16788,1
16790,1
16791,0
16795,0
16799,0
16801,1
16802,0
16806,1
16808,1
16809,1
16829,1
16833,0
16835,1
16836,0
16838,1
16847,0
16854,1
16855,0
16856,1
16858,1
16859,1
16865,1
16867,0
16869,1
16870,1
16876,1
16883,1
16886,1
16893,1
16894,0
16898,0
16899,1
16902,1
16903,0
16904,1
16906,1
16907,1
16909,1
16911,1
16916,0
16924,1
16925,1
16931,1
16942,0
16944,0
16946,0
16947,0
16952,1
16953,1
16955,1
16958,1
16959,0
16960,1
16962,0
16968,1
16969,0
16972,0
16975,1
16977,1
16979,1
16983,0
16986,0
16988,0
16989,1
16997,0
17001,1
17006,1
17017,0
17022,1
17025,0
17028,0
17036,1
17037,0
17039,1
17041,0
17044,1
17049,0
17050,0
17055,1
17059,1
17062,0
17068,0
17069,1
17074,0
17076,0
17078,1
17081,1
17084,0
17085,0
17086,1
17087,1
17088,0
17091,1
17093,1
17107,0
17108,1
17113,0
17117,0
17118,1
17122,0
17125,0
17128,1
17130,0
17135,1
17137,0
17144,1
17148,1
17155,0
17158,0
17160,0
17161,0
17162,1
17166,1
17167,0
17168,1
17169,1
17176,1
17177,1
17178,0
17186,1
17195,1
17205,0
17208,1
17209,1
17211,1
17213,0
17214,0
17215,0
17216,1
17220,1
17221,1
17222,1
17225,0
17228,0
17231,0
17233,1
17234,1
17235,1
17236,1
17237,1
17238,1
17239,1
17240,1
17241,0
17243,1
17247,1
17249,1
17250,0
17253,1
17254,0
17257,0
17265,1
17269,1
17270,0
17273,1
17275,1
17278,1
17279,1
17280,1
17281,1
17283,1
17286,0
17294,1
17297,0
17300,1
17302,0
17305,0
17309,0
17311,1
17312,0
17313,1
17315,0
17316,0
17318,0
17319,1
17320,1
17322,1
17323,1
17325,0
17330,0
17331,1
17332,0
17335,0
17338,1
17341,0
17342,1
17343,0
17349,1
17365,1
17371,1
17376,1
17377,1
17378,0
17381,1
17386,1
17388,0
17391,1
17394,0
17397,1
17398,1
17400,1
17404,0
17405,1
17406,0
17409,0
17410,0
17412,1
17425,0
17426,0
17428,1
17429,0
17431,0
17435,1
17436,1
17440,0
17441,1
17447,1
17453,1
17458,1
17459,1
17461,1
17462,1
17467,1
17470,1
17471,1
17474,0
17477,0
17485,1
17491,1
17494,0
17497,1
17503,1
17505,1
17506,0
17513,1
17514,1
17522,1
17523,1
17536,0
17537,1
17543,0
17549,0
17555,0
17556,0
17559,1
17562,0
17565,0
17569,1
17572,1
17573,1
17582,0
17583,1
17584,1
17595,1
17596,0
17600,1
17602,0
17603,1
17606,1
17608,0
17612,1
17616,0
17617,1
17620,0
17622,1
17625,1
17626,0
17629,1
17630,1
17631,1
17632,1
17635,1
17647,0
17648,1
17650,1
17653,0
17655,1
17656,1
17660,0
17664,1
17665,0
17666,0
17669,1
17676,1
17680,1
17681,1
17686,0
17688,1
17693,0
17694,0
17698,1
17703,0
17704,0
17706,0
17709,1
17713,0
17714,0
17718,1
17719,1
17722,0
17724,0
17728,1
17730,0
17733,1
17741,1
17749,0
17750,0
17752,0
17756,0
17762,1
17769,0
17770,1
17776,0
17779,0
17781,1
17782,1
17789,1
17790,1
17791,0
17793,1
17797,0
17799,0
17800,0
17804,1
17805,1
17806,1
17811,0
17812,0
17818,0
17824,1
17825,0
17831,1
17832,0
17837,1
17840,0
17841,0
17845,0
17847,1
17850,1
17853,0
17855,1
17856,0
17858,0
17860,1
17862,1
17866,0
17867,1
17872,1
17873,1
17875,1
17878,1
17879,1
17881,1
17884,1
17886,1
17894,1
17901,1
17903,0
17904,1
17909,1
17911,0
17915,0
17920,0
17924,0
17926,0
17929,0
17933,1
17935,1
17937,0
17938,1
17941,1
17946,1
17949,1
17955,0
17957,1
17959,0
17960,1
17962,1
17964,1
17970,0
17972,1
17975,1
17977,0
17978,1
17979,0
17981,1
17992,1
17996,0
18006,0
18007,0
18009,1
18010,0
18012,1
18017,1
18021,0
18023,1
18024,1
18029,1
18032,1
18038,0
18044,0
18047,1
18048,0
18058,0
18062,1
18063,0
18065,1
18066,0
18069,1
18078,0
18079,0
18081,0
18082,1
18089,1
18091,1
18096,0
18098,1
18099,0
18100,1
18102,1
18105,1
18112,1
18113,1
18119,1
18122,0
18123,1
18124,0
18125,1
18127,1
18129,0
18130,0
18135,1
18141,1
18142,0
18143,1
18146,1
18148,1
18156,1
18158,1
18160,1
18167,1
18169,0
18170,1
18172,0
18173,1
18176,1
18181,1
18184,1
18193,0
18194,0
18197,1
18199,1
18209,1
18211,0
18216,1
18218,0
18226,0
18228,0
18229,0
18230,0
18232,1
18234,1
18237,1
18238,0
18247,0
18254,1
18257,1
18262,0
18266,0
18269,1
18273,1
18275,0
18287,1
18289,1
18293,1
18294,1
18296,0
18304,0
18308,0
18313,1
18319,0
18321,1
18323,1
18324,1
18325,1
18328,1
18329,0
18336,1
18340,1
18343,1
18347,0
18349,1
18353,1
18357,0
18359,0
18369,1
18373,0
18375,0
18380,0
18383,0
18386,1
18387,0
18389,0
18392,0
18394,0
18396,0
18397,1
18400,0
18401,0
18402,0
18408,0
18410,0
18412,0
18413,1
18414,0
18416,0
18425,0
18429,1
18432,1
18435,0
18437,1
18442,1
18445,0
18446,1
18447,0
18448,0
18450,1
18451,0
18456,0
18459,0
18460,1
18461,0
18467,0
18469,1
18471,1
18472,1
18477,1
18479,0
18494,0
18499,1
18502,1
18506,1
18510,0
18515,1
18517,0
18523,0
18524,0
18534,1
18535,1
18536,0
18546,1
18547,1
18549,0
18558,0
18561,0
18563,1
18565,1
18573,1
18574,1
18576,0
18585,1
18586,0
18593,1
18595,0
18599,1
18601,1
18615,1
18616,0
18618,0
18620,0
18624,0
18632,1
18633,1
18634,0
18638,0
18639,0
18652,1
18653,1
18657,1
18658,1
18660,1
18668,1
18670,1
18673,1
18677,1
18678,1
18680,1
18684,0
18690,0
18693,0
18697,1
18699,0
18704,1
18706,0
18711,1
18712,0
18717,0
18720,1
18721,0
18725,1
18727,0
18733,1
18742,0
18744,0
18751,0
18756,0
18757,0
18758,1
18760,0
18761,0
18774,1
18775,0
18777,1
18790,0
18795,1
18798,0
18810,1
18812,1
18814,1
18815,1
18817,1
18820,1
18826,0
18827,1
18831,0
18833,0
18834,1
18836,1
18838,0
18839,0
18841,0
18848,0
18851,1
18857,1
18861,1
18862,1
18867,1
18872,0
18873,1
18877,1
18878,0
18879,1
18880,0
18883,1
18884,1
18885,1
18886,0
18889,1
18891,1
18892,1
18900,1
18905,1
18913,1
18914,1
18921,0
18929,1
18932,0
18933,0
18934,0
18939,0
18940,0
18943,1
18944,0
18952,1
18961,1
18963,1
18964,0
18967,1
18970,0
18974,1
18977,0
18979,1
18982,1
18985,1
18993,0
18995,0
18998,1
18999,1
19001,0
19004,1
19005,0
19009,1
19011,0
19017,0
19018,1
19023,1
19028,1
19032,1
19035,0
19040,0
19044,1
19046,1
19047,1
19052,0
19053,1
19057,1
19058,0
19059,1
19062,0
19065,0
19072,0
19075,1
19079,1
19085,1
19092,1
19093,0
19096,1
19108,1
19112,0
19115,0
19116,1
19130,0
19131,1
19134,1
19135,1
19142,1
19147,1
19150,0
19151,0
19152,1
19155,0
19157,1
19172,0
19173,1
19176,0
19178,0
19183,0
19185,1
19187,0
19191,0
19192,0
19195,1
19200,1
19207,0
19210,0
19212,0
19222,1
19225,1
19227,1
19228,0
19243,0
19244,0
19247,0
19249,1
19256,0
19259,1
19261,1
19262,1
19263,0
19264,1
19266,1
19268,1
19269,0
19271,0
19272,1
19273,1
19278,1
19286,0
19289,1
19293,1
19299,1
19304,1
19307,1
19309,0
19311,0
19314,1
19319,1
19320,0
19321,1
19323,1
19332,0
19339,1
19340,1
19341,0
19345,1
19351,0
19353,1
19357,1
19360,1
19361,1
19362,1
19365,0
19366,1
19372,0
19378,1
19379,1
19381,0
19382,1
19383,0
19387,0
19389,0
19392,1
19403,1
19404,1
19408,0
19411,1
19413,1
19414,0
19420,1
19425,0
19426,1
19430,1
19437,0
19438,0
19439,0
19441,0
19445,1
19447,0
19450,1
19452,0
19455,0
19457,1
19458,0
19460,0
19462,1
19466,1
19469,1
19470,1
19473,1
19475,1
19482,0
19488,1
19489,0
19490,0
19498,0
19499,1
19501,0
19502,0
19505,1
19510,0
19512,0
19521,0
19522,1
19525,1
19530,0
19536,1
19540,1
19541,0
19546,1
19547,1
19550,1
19554,1
19560,1
19564,1
19569,1
19570,1
19574,1
19580,1
19581,1
19587,0
19591,0
19592,0
19594,0
19596,0
19602,0
19605,0
19607,1
19611,0
19624,0
19625,0
19626,0
19636,0
19637,0
19639,1
19647,1
19648,0
19649,1
19651,1
19652,1
19654,0
19657,1
19658,0
19659,1
19662,0
19666,0
19667,1
19674,1
19676,1
19678,0
19681,1
19682,0
19683,1
19686,1
19689,0
19690,1
19695,1
19703,0
19704,1
19706,1
19712,1
19714,1
19718,1
19721,0
19724,1
19729,1
19731,0
19733,1
19734,0
19735,0
19745,1
19746,0
19748,1
19754,0
19756,0
19757,1
19760,0
19764,0
19772,0
19775,1
19776,1
19779,0
19780,0
19784,0
19791,0
19792,0
19793,0
19800,0
19802,1
19803,1
19804,1
19807,1
19810,1
19814,1
19818,1
19821,0
19826,0
19833,1
19841,0
19844,1
19845,1
19847,1
19849,1
19853,1
19858,1
19865,1
19866,1
19886,0
19888,1
19901,1
19902,1
19904,0
19906,0
19912,1
19914,0
19916,0
19917,1
19918,1
19919,1
19923,1
19924,0
19927,0
19929,1
19941,0
19943,1
19944,1
19946,0
19948,0
19950,1
19955,0
19957,0
19960,0
19966,0
19967,1
19968,0
19970,0
19971,0
19974,1
19975,0
19976,0
19981,1
19986,1
19989,1
19990,0
19993,0
20002,1
20005,1
20015,1
20024,1
20025,1
20026,1
20030,1
20031,1
20032,0
20037,1
20038,1
20039,0
20040,0
20047,0
20053,0
20057,1
20063,0
20065,1
20066,1
20067,0
20069,0
20071,1
20074,1
20077,1
20078,0
20082,0
20083,1
20086,0
20095,1
20096,0
20100,1
20101,1
20102,1
20105,1
20108,0
20109,1
20110,1
20112,0
20114,0
20115,1
20119,1
20124,0
20130,0
20131,0
20133,1
20134,1
20136,1
20140,1
20142,1
20143,1
20144,0
20145,0
20150,0
20152,0
20156,1
20161,0
20162,1
20166,1
20169,0
20171,0
20172,1
20173,1
20181,1
20184,1
20186,1
20189,1
20193,0
20194,0
20205,1
20206,0
20209,1
20212,1
20213,0
20214,1
20220,0
20223,0
20229,0
20232,1
20239,1
20243,1
20244,1
20248,1
20250,0
20252,1
20254,1
20262,0
20263,0
20264,0
20265,1
20269,0
20273,1
20275,1
20287,1
20293,1
20295,0
20300,1
20302,1
20307,1
20313,0
20318,0
20322,1
20324,1
20326,1
20328,0
20329,1
20335,1
20336,0
20337,1
20341,0
20344,0
20350,0
20355,0
20366,1
20373,1
20376,1
20377,1
20381,0
20386,1
20387,1
20391,1
20392,1
20394,1
20396,1
20399,0
20403,1
20404,1
20409,1
20410,0
20412,1
20414,0
20418,0
20422,0
20425,1
20428,0
20429,1
20431,1
20436,1
20444,1
20451,0
20452,1
20457,0
20458,1
20461,0
20463,1
20464,0
20465,1
20468,1
20481,1
20485,0
20486,0
20488,1
20490,0
20491,1
20492,0
20493,0
20496,0
20498,1
20501,0
20502,1
20504,0
20507,1
20510,0
20513,1
20516,0
20523,0
20524,1
20529,1
20534,0
20535,1
20536,0
20540,0
20542,0
20548,0
20549,0
20553,1
20557,1
20564,1
20567,1
20572,0
20575,1
20576,0
20579,1
20580,0
20598,0
20600,0
20601,1
20610,0
20615,1
20616,1
20622,1
20623,1
20637,0
20638,1
20646,0
20649,1
20658,1
20660,0
20661,0
20662,1
20664,0
20665,1
20666,0
20669,0
20673,0
20675,1
20676,0
20677,1
20679,1
20685,0
20686,0
20694,0
20695,0
20697,0
20703,0
20708,1
20715,0
20720,0
20722,1
20731,1
20747,1
20750,0
20756,0
20761,0
20762,1
20765,0
20769,0
20771,0
20772,1
20773,1
20775,1
20776,1
20778,0
20781,0
20786,1
20791,0
20793,1
20794,0
20796,1
20798,0
20802,1
20805,0
20808,0
20812,0
20813,0
20820,0
20823,1
20824,1
20830,0
20832,0
20836,1
20840,0
20842,0
20844,0
20849,0
20852,0
20854,0
20859,1
20861,1
20862,0
20863,0
20866,0
20872,0
20874,0
20876,1
20877,1
20879,1
20884,1
20885,1
20887,0
20894,0
20897,0
20904,0
20910,1
20912,1
20913,0
20914,0
20918,0
20921,0
20924,1
20935,1
20937,1
20952,0
20953,0
20955,1
20957,1
20959,0
20960,1
20963,0
20973,1
20975,1
20976,1
20980,0
20982,0
20983,1
20989,1
20997,0
20999,0
21000,0
21001,0
21002,1
21004,1
21008,1
21012,0
21016,0
21020,0
21022,1
21023,0
21025,1
21027,0
21035,0
21037,0
21041,1
21042,0
21043,1
21049,1
21051,0
21052,1
21054,0
21056,1
21063,1
21066,1
21069,1
21072,1
21075,0
21078,0
21079,0
21081,1
21082,0
21083,1
21084,0
21088,1
21092,1
21094,1
21115,1
21118,1
21120,1
21121,0
21125,1
21131,1
21132,1
21133,1
21134,0
21135,1
21137,1
21148,0
21151,1
21152,1
21165,1
21169,0
21173,1
21176,0
21183,1
21186,1
21188,1
21190,0
21191,1
21194,1
21197,0
21199,1
21210,1
21211,0
21213,1
21219,0
21221,1
21223,1
21224,1
21227,1
21231,0
21233,1
21234,0
21242,0
21246,1
21251,0
21252,1
21253,0
21254,0
21255,0
21258,1
21261,0
21263,1
21272,1
21273,0
21274,1
21275,0
21282,0
21289,0
21291,1
21304,1
21305,0
21309,1
21312,0
21323,1
21325,1
21326,0
21331,1
21333,0
21338,1
21339,1
21342,1
21349,0
21351,0
21360,1
21362,1
21368,0
21373,1
21374,1
21377,1
21378,0
21382,1
21385,0
21395,0
21396,0
21398,0
21405,0
21409,0
21419,0
21422,0
21424,1
21426,0
21427,1
21431,1
21435,1
21436,1
21437,1
21440,0
21445,1
21448,0
21450,1
21458,1
21463,0
21464,1
21470,1
21471,0
21472,1
21474,0
21475,1
21476,0
21477,0
21479,0
21480,0
21484,1
21489,1
21490,0
21496,1
21508,0
21509,1
21512,0
21514,1
21516,1
21517,0
21519,0
21520,0
21521,0
21523,1
21543,0
21548,0
21562,0
21563,0
21564,0
21565,0
21570,0
21573,1
21575,1
21577,0
21579,0
21582,1
21583,1
21585,1
21587,1
21588,0
21592,0
21593,0
21594,0
21597,0
21600,0
21603,1
21605,0
21606,0
21607,0
21608,0
21609,0
21610,1
21615,1
21618,1
21621,1
21622,1
21624,1
21626,1
21628,0
21631,1
21636,0
21640,1
21641,0
21642,1
21645,0
21646,0
21650,0
21657,1
21658,0
21661,0
21667,1
21668,0
21669,1
21675,0
21676,1
21678,0
21681,1
21684,1
21687,0
21691,0
21693,1
21695,0
21702,1
21706,0
21711,0
21712,1
21715,1
21717,0
21724,1
21730,0
21732,1
21733,0
21736,1
21737,0
21738,1
21743,0
21744,1
21747,1
21748,1
21750,1
21751,0
21752,1
21753,1
21755,0
21756,1
21759,1
21761,0
21762,0
21765,0
21769,0
21773,0
21778,0
21783,1
21784,1
21785,0
21789,0
21790,0
21792,1
21801,0
21816,0
21819,1
21821,0
21827,0
21828,0
21830,1
21831,1
21834,0
21835,1
21841,1
21842,0
21845,0
21852,0
21854,1
21866,1
21867,0
21878,0
21879,0
21887,1
21890,1
21891,1
21894,1
21895,1
21897,0
21904,1
21914,1
21921,1
21922,1
21925,0
21927,0
21928,0
21930,1
21932,1
21937,1
21942,1
21947,1
21958,1
21959,0
21962,1
21963,1
21968,1
21976,1
21986,0
21988,1
21994,1
21998,0
22001,1
22007,1
22008,0
22013,0
22015,1
22019,1
22029,1
22032,1
22043,1
22045,1
22047,1
22048,0
22050,0
22051,0
22054,1
22060,0
22061,0
22065,1
22066,1
22069,0
22072,1
22077,0
22079,1
22082,1
22088,1
22090,1
22092,1
22103,1
22108,1
22111,1
22113,1
22117,1
22119,1
22122,1
22123,0
22125,1
22126,1
22133,1
22135,0
22136,1
22138,0
22139,1
22142,1
22149,1
22150,1
22151,0
22152,0
22154,0
22157,0
22158,0
22160,0
22167,1
22168,0
22170,1
22172,0
22173,1
22175,0
22182,0
22187,0
22189,0
22191,0
22194,1
22195,1
22200,1
22205,1
22212,1
22215,0
22217,0
22219,0
22220,1
22222,0
22223,1
22227,1
22231,1
22233,1
22234,1
22237,0
22238,0
22239,1
22243,1
22250,0
22251,1
22254,1
22256,0
22257,1
22258,0
22261,0
22265,1
22268,0
22269,1
22272,1
22275,1
22279,1
22280,0
22286,0
22287,0
22288,1
22289,0
22291,1
22297,1
22302,1
22303,1
22306,1
22311,0
22316,0
22321,1
22326,0
22330,1
22336,0
22340,1
22341,1
22346,0
22350,0
22352,1
22357,1
22365,0
22366,0
22368,0
22369,1
22371,0
22376,1
22379,1
22380,0
22384,0
22387,0
22395,1
22398,1
22407,0
22409,0
22411,0
22415,1
22416,1
22418,0
22422,0
22431,1
22437,0
22439,0
22440,1
22444,1
22446,0
22449,0
22450,0
22458,0
22459,0
22463,0
22464,1
22477,0
22479,1
22481,1
22482,1
22486,0
22487,0
22492,0
22493,1
22495,0
22501,0
22502,1
22503,0
22504,0
22512,1
22515,0
22520,0
22527,0
22528,0
22529,0
22534,1
22536,1
22543,0
22550,1
22551,1
22560,0
22563,1
22564,1
22567,0
22574,1
22577,1
22579,1
22580,0
22582,0
22586,1
22588,1
22591,1
22597,1
22598,0
22599,1
22600,0
22602,1
22609,1
22611,1
22612,1
22615,0
22616,0
22618,1
22629,1
22630,1
22631,1
22636,0
22638,0
22639,1
22641,0
22643,1
22648,0
22652,0
22654,0
22655,0
22657,0
22659,0
22660,0
22665,1
22666,0
22669,1
22670,0
22679,0
22681,1
22684,1
22691,1
22696,1
22698,0
22699,0
22702,1
22704,0
22705,0
22706,0
22709,0
22715,1
22717,0
22733,1
22735,1
22737,1
22743,1
22748,1
22750,0
22755,0
22761,1
22764,1
22765,1
22772,0
22777,1
22780,0
22782,1
22787,0
22792,0
22804,0
22810,0
22816,1
22817,0
22819,1
22820,0
22821,0
22823,0
22829,1
22830,1
22833,1
22835,1
22841,1
22842,0
22843,0
22850,0
22851,0
22852,1
22854,0
22858,1
22860,0
22865,1
22867,1
22871,1
22873,1
22874,0
22875,0
22879,1
22890,0
22893,1
22895,0
22897,1
22898,0
22899,1
22900,0
22901,0
22902,0
22905,0
22916,0
22920,1
22921,1
22922,0
22923,1
22926,0
22929,1
22933,1
22934,0
22937,1
22939,0
22942,1
22946,0
22953,0
22956,0
22958,1
22961,0
22963,0
22964,1
22966,1
22967,0
22970,0
22971,1
22979,1
22986,0
22988,1
22994,1
22996,1
22997,1
22998,1
22999,0
23000,1
23002,0
23005,0
23010,0
23017,1
23021,0
23023,0
23025,1
23026,1
23030,0
23032,1
23036,0
23040,0
23042,0
23045,1
23046,0
23047,0
23053,1
23058,0
23059,0
23064,1
23066,0
23072,0
23074,1
23075,1
23082,1
23083,0
23084,1
23086,0
23087,0
23089,1
23103,1
23106,1
23114,1
23116,1
23126,1
23127,0
23134,1
23137,1
23138,1
23143,1
23145,1
23153,0
23158,1
23161,0
23162,1
23167,1
23169,1
23172,0
23177,1
23180,1
23182,1
23183,1
23188,0
23189,0
23190,0
23191,0
23200,1
23201,0
23208,0
23211,1
23212,1
23217,0
23218,1
23221,1
23224,1
23230,1
23233,1
23239,0
23240,1
23241,0
23248,0
23249,1
23253,1
23256,1
23258,1
23266,1
23267,0
23271,0
23272,0
23274,1
23276,0
23286,0
23287,1
23288,1
23292,1
23295,0
23300,0
23301,0
23305,0
23311,0
23312,1
23313,1
23314,0
23315,0
23316,0
23317,0
23318,0
23320,1
23325,1
23326,1
23329,1
23338,0
23342,0
23344,0
23349,0
23357,0
23361,1
23362,1
23368,0
23374,1
23375,0
23376,1
23377,1
23383,0
23387,1
23392,0
23396,1
23397,1
23406,0
23411,0
23414,0
23415,0
23417,1
23426,1
23431,0
23433,1
23443,1
23452,0
23453,0
23465,0
23466,1
23479,1
23480,0
23481,1
23482,1
23483,0
23490,0
23491,1
23493,1
23496,0
23500,0
23501,1
23504,1
23508,1
23509,0
23511,0
23512,0
23514,0
23515,1
23517,1
23518,0
23519,0
23520,1
23521,0
23526,1
23528,0
23530,0
23532,0
23538,0
23549,1
23560,1
23570,0
23578,1
23591,1
23592,0
23598,1
23601,0
23602,0
23608,1
23610,1
23614,1
23616,1
23618,0
23620,1
23625,1
23626,1
23627,0
23628,1
23632,1
23636,1
23638,1
23641,1
23642,0
23645,1
23646,1
23647,1
23648,0
23651,1
23652,1
23653,1
23655,0
23657,0
23658,1
23659,0
23663,0
23664,1
23669,1
23670,1
23673,0
23682,1
23683,0
23686,1
23696,0
23698,1
23701,1
23710,0
23711,0
23712,1
23719,0
23723,1
23726,1
23727,1
23729,1
23744,0
23745,1
23746,0
23749,1
23751,1
23752,0
23753,1
23759,1
23760,1
23766,0
23769,0
23772,1
23775,0
23777,0
23779,1
23789,0
23790,0
23792,1
23795,1
23796,1
23797,1
23799,1
23801,0
23802,0
23807,1
23812,1
23813,0
23815,1
23820,0
23821,1
23830,1
23834,1
23835,1
23838,1
23839,1
23845,0
23848,1
23851,1
23852,0
23856,1
23857,0
23858,1
23861,1
23864,1
23865,0
23866,1
23873,1
23874,0
23881,1
23886,1
23888,1
23892,1
23902,1
23903,0
23904,1
23905,1
23906,1
23907,0
23913,1
23923,1
23930,0
23935,0
23939,1
23940,1
23946,1
23948,1
23950,1
23954,1
23956,1
23958,0
23963,1
23966,0
23975,0
23977,1
23978,0
23981,0
23983,0
23986,0
23987,0
23989,0
24000,1
24001,1
24002,0
24004,0
24022,1
24026,0
24028,0
24030,1
24031,1
24032,1
24033,0
24034,0
24036,0
24045,1
24048,0
24051,0
24052,1
24055,0
24058,1
24063,0
24066,0
24067,0
24068,1
24077,1
24080,1
24089,1
24094,1
24107,1
24110,0
24112,0
24122,1
24124,0
24146,1
24148,0
24150,1
24151,0
24152,1
24153,0
24154,0
24166,0
24167,1
24168,1
24171,0
24173,1
24179,0
24180,1
24183,1
24185,0
24188,1
24191,0
24194,1
24196,1
24197,0
24206,1
24207,0
24208,0
24214,0
24217,1
24221,1
24224,1
24226,1
24227,0
24230,0
24239,0
24240,1
24243,0
24249,0
24251,0
24252,1
24253,0
24254,1
24257,1
24260,1
24261,0
24264,0
24270,0
24279,1
24284,1
24286,0
24287,0
24292,0
24303,1
24304,1
24306,1
24307,0
24312,0
24313,0
24314,0
24315,0
24316,1
24319,1
24326,0
24327,1
24328,1
24329,0
24330,1
24333,0
24334,1
24336,1
24337,0
24339,0
24350,1
24353,0
24358,0
24363,0
24364,0
24369,1
24371,0
24372,1
24375,1
24378,1
24379,0
24380,0
24381,0
24382,0
24386,0
24387,1
24388,0
24390,0
24391,1
24398,1
24400,1
24403,0
24405,0
24407,1
24408,1
24409,0
24417,1
24418,0
24423,1
24427,1
24437,0
24438,1
24439,1
24440,1
24442,1
24451,1
24459,0
24463,0
24473,1
24474,1
24475,1
24479,0
24481,0
24482,0
24483,0
24488,1
24495,0
24498,0
24500,0
24502,1
24504,1
24505,1
24506,0
24508,1
24511,0
24512,0
24519,1
24521,0
24534,0
24535,1
24536,0
24538,0
24539,1
24549,1
24554,0
24556,1
24557,0
24559,1
24567,0
24572,1
24574,1
24578,0
24579,1
24586,0
24589,1
24590,1
24593,1
24595,1
24602,0
24606,1
24611,1
24613,1
24614,0
24615,1
24616,1
24619,0
24628,0
24634,1
24637,1
24638,1
24640,1
24642,1
24648,1
24655,0
24657,0
24663,0
24668,1
24670,0
24671,1
24677,1
24679,1
24680,0
24684,1
24693,0
24698,0
24699,0
24700,1
24701,0
24705,1
24709,1
24710,1
24712,1
24717,0
24719,1
24723,1
24724,1
24731,1
24737,0
24741,0
24747,0
24748,1
24749,1
24755,0
24757,0
24761,1
24762,0
24765,1
24766,1
24769,0
24771,0
24776,1
24778,1
24780,0
24782,0
24783,1
24787,0
24795,1
24799,1
24801,0
24802,0
24804,1
24805,0
24808,1
24816,0
24818,0
24819,0
24820,1
24832,1
24838,0
24840,1
24843,0
24845,1
24852,1
24855,1
24860,1
24862,1
24864,1
24867,1
24872,1
24876,1
24877,1
24879,1
24881,1
24884,1
24885,0
24886,0
24888,0
24891,0
24892,1
24898,0
24900,1
24908,0
24912,1
24914,1
24920,1
24925,0
24928,1
24932,1
24933,1
24934,1
24935,0
24941,1
24946,0
24949,1
24950,0
24957,0
24962,1
24970,1
24971,1
24974,1
24976,0
24981,1
24988,1
24990,0
24994,1
24996,1
25000,0
25003,1
25005,1
25011,0
25012,1
25017,0
25022,1
25025,0
25029,1
25032,1
25040,0
25042,0
25045,0
25050,1
25053,1
25055,0
25060,1
25062,1
25065,1
25068,1
25073,0
25090,0
25093,0
25098,0
25099,1
25110,0
25111,0
25116,1
25121,0
25125,0
25128,0
25129,0
25135,0
25142,1
25149,1
25151,0
25154,1
25160,0
25162,1
25164,1
25171,0
25173,0
25178,0
25180,1
25183,1
25189,1
25190,1
25193,0
25195,1
25199,1
25207,1
25208,1
25212,0
25217,0
25221,0
25222,1
25223,1
25226,1
25228,1
25229,1
25233,1
25234,1
25235,0
25239,0
25244,0
25245,0
25246,1
25247,0
25248,0
25251,0
25263,1
25264,1
25267,0
25270,0
25274,0
25277,0
25278,0
25284,1
25288,1
25293,0
25295,0
25316,0
25319,0
25325,1
25328,0
25330,1
25334,0
25342,1
25344,0
25347,0
25349,0
25354,1
25360,0
25364,1
25380,1
25381,1
25383,1
25384,0
25388,1
25392,0
25393,0
25396,1
25405,0
25407,1
25417,1
25420,0
25421,1
25426,1
25427,1
25429,1
25438,1
25439,1
25440,1
25441,0
25442,0
25444,1
25445,0
25446,1
25447,1
25449,0
25450,0
25455,1
25459,1
25460,0
25464,0
25473,0
25475,0
25479,1
25483,1
25484,0
25485,0
25488,0
25491,1
25504,0
25505,1
25507,0
25509,1
25511,0
25517,1
25531,1
25533,1
25534,0
25535,0
25536,1
25538,0
25539,0
25545,1
25546,0
25547,0
25551,1
25560,1
25561,0
25564,0
25569,1
25572,0
25577,1
25578,0
25579,1
25584,0
25586,1
25591,1
25597,1
25598,1
25604,1
25609,1
25610,0
25611,0
25612,1
25613,1
25614,1
25618,1
25619,0
25621,1
25623,1
25625,1
25628,1
25630,1
25636,1
25639,1
25641,1
25643,1
25647,1
25648,1
25650,1
25652,0
25655,0
25656,1
25660,0
25662,1
25664,1
25666,1
25667,1
25676,0
25679,1
25680,1
25684,0
25685,1
25687,0
25693,0
25697,1
25699,0
25705,0
25706,1
25711,0
25712,1
25715,0
25722,0
25723,1
25725,1
25732,1
25737,1
25739,1
25743,1
25746,0
25749,0
25753,0
25758,0
25762,0
25763,1
25765,1
25771,0
25778,1
25782,1
25784,1
25785,0
25790,1
25796,1
25797,0
25799,0
25801,1
25806,0
25809,1
25817,0
25823,0
25827,1
25828,0
25829,0
25837,1
25839,1
25840,0
25841,1
25842,0
25843,0
25845,0
25851,1
25858,1
25863,0
25868,1
25871,1
25881,0
25882,0
25886,0
25889,1
25893,1
25895,1
25896,0
25897,1
25903,1
25905,1
25907,0
25919,0
25920,0
25923,0
25928,1
25929,1
25931,1
25933,1
25934,0
25941,1
25942,0
25945,1
25946,0
25947,1
25949,1
25951,0
25955,0
25956,1
25958,1
25962,1
25963,1
25964,0
25967,0
25968,1
25970,1
25972,0
25973,0
25980,1
25983,1
25990,1
25992,0
26002,0
26004,0
26007,0
26010,1
26011,1
26012,1
26013,0
26018,0
26025,0
26027,1
26037,0
26044,0
26047,0
26048,1
26052,0
26053,0
26055,1
26056,1
26059,0
26061,0
26063,0
26064,0
26067,1
26069,1
26070,1
26075,1
26076,1
26077,1
26079,0
26081,1
26085,0
26087,1
26095,0
26098,0
26101,0
26103,0
26113,1
26116,1
26117,0
26120,0
26123,0
26125,0
26126,1
26129,1
26131,1
26138,1
26140,1
26145,1
26146,0
26157,0
26166,0
26174,0
26175,0
26177,0
26178,0
26179,0
26180,1
26182,0
26195,1
26196,0
26199,0
26200,0
26201,0
26212,1
26213,1
26215,0
26218,1
26224,1
26226,1
26227,0
26228,1
26231,1
26233,0
26234,1
26242,0
26249,0
26250,1
26251,1
26253,0
26261,0
26263,1
26264,0
26272,1
26276,0
26279,1
26280,0
26281,1
26288,1
26290,1
26291,1
26294,0
26295,1
26301,0
26303,0
26304,1
26306,1
26309,1
26311,1
26312,1
26313,1
26317,0
26318,1
26319,1
26324,1
26331,0
26333,1
26334,0
26343,1
26344,1
26346,0
26349,0
26353,0
26362,1
26364,1
26369,1
26370,1
26371,0
26374,0
26375,0
26377,1
26379,0
26387,1
26394,0
26401,0
26405,0
26406,0
26408,0
26411,1
26413,0
26414,0
26422,1
26428,0
26430,1
26431,1
26442,1
26445,0
26451,1
26455,1
26456,1
26457,0
26458,1
26459,1
26460,1
26463,1
26465,0
26468,1
26470,1
26474,1
26475,0
26476,0
26479,0
26480,1
26484,1
26489,1
26496,1
26500,0
26501,0
26507,0
26517,1
26524,0
26525,1
26528,1
26531,1
26536,0
26537,1
26539,1
26546,1
26547,1
26549,1
26550,1
26552,1
26556,1
26560,1
26561,0
26562,1
26568,1
26569,1
26570,1
26575,1
26577,1
26580,0
26581,0
26586,1
26588,1
26589,1
26590,0
26592,1
26593,0
26595,1
26596,1
26599,0
26600,0
26601,0
26604,1
26606,0
26611,1
26614,0
26616,0
26618,1
26619,0
26621,1
26622,1
26624,0
26625,1
26628,1
26630,0
26631,1
26632,1
26634,1
26636,0
26637,1
26638,1
26643,1
26647,1
26652,1
26653,0
26657,1
26658,1
26659,1
26660,0
26666,1
26674,0
26676,1
26677,0
26683,1
26684,0
26692,1
26696,1
26697,1
26706,1
26707,1
26712,1
26716,0
26723,0
26725,1
26727,0
26731,1
26734,1
26737,1
26741,1
26743,0
26746,0
26750,1
26751,1
26752,1
26754,0
26756,0
26762,0
26763,1
26766,1
26773,0
26778,1
26782,1
26783,1
26786,1
26787,0
26791,0
26792,1
26793,1
26795,0
26796,0
26800,0
26802,0
26804,1
26805,1
26807,1
26808,1
26809,1
26816,1
26818,0
26824,1
26825,1
26828,0
26831,0
26836,0
26837,1
26838,1
26840,1
26841,0
26844,0
26849,1
26850,0
26853,0
26860,1
26862,0
26863,1
26864,1
26866,1
26868,1
26871,1
26872,0
26874,1
26875,1
26880,0
26886,1
26887,1
26888,1
26891,0
26894,0
26897,0
26898,1
26899,1
26908,0
26909,0
26912,0
26918,1
26923,1
26924,0
26926,1
26928,0
26931,0
26947,0
26951,0
26953,0
26957,0
26958,1
26961,0
26963,0
26965,1
26967,0
26970,1
26972,0
26974,1
26984,0
26988,1
26989,1
26994,0
26997,1
26998,1
26999,1
27001,1
27005,0
27006,0
27011,1
27012,1
27015,0
27016,0
27019,1
27023,0
27025,0
27029,1
27032,0
27033,1
27034,1
27045,1
27046,0
27048,1
27049,0
27051,1
27059,1
27063,0
27066,0
27072,1
27076,1
27079,1
27080,0
27085,1
27088,1
27092,1
27093,1
27094,1
27101,1
27105,0
27114,1
27117,0
27120,1
27134,0
27140,1
27142,1
27144,1
27147,0
27150,1
27153,1
27163,1
27168,1
27173,1
27180,1
27187,0
27198,0
27205,1
27206,0
27207,1
27210,0
27213,1
27216,1
27219,1
27222,0
27229,0
27230,1
27232,1
27233,1
27242,0
27244,1
27245,1
27249,1
27251,1
27252,0
27264,1
27272,1
27277,0
27278,1
27279,1
27283,1
27284,0
27287,0
27288,0
27289,1
27290,1
27298,0
27304,0
27307,0
27310,1
27312,0
27314,0
27316,0
27317,0
27318,0
27322,0
27330,1
27335,0
27336,0
27343,0
27345,0
27351,1
27355,0
27356,0
27357,0
27366,0
27369,0
27376,1
27379,1
27384,0
27385,0
27387,0
27388,0
27390,1
27394,1
27395,1
27397,0
27400,1
27403,1
27407,1
27408,0
27412,0
27413,1
27414,1
27417,1
27423,1
27425,1
27426,1
27427,1
27436,1
27438,0
27446,0
27447,1
27449,1
27453,1
27455,1
27456,1
27462,1
27464,1
27469,0
27470,1
27472,0
27477,0
27479,1
27481,1
27484,1
27485,0
27489,1
27494,0
27507,0
27508,0
27514,0
27516,0
27521,0
27522,0
27523,0
27527,1
27529,0
27534,0
27536,0
27540,1
27542,0
27545,1
27552,1
27555,1
27559,0
27561,0
27562,0
27572,1
27573,1
27575,1
27577,1
27578,1
27585,1
27586,1
27587,0
27591,1
27593,0
27594,1
27596,1
27598,0
27603,1
27607,1
27611,0
27613,1
27624,0
27628,1
27630,1
27633,0
27638,1
27640,1
27645,0
27650,1
27651,0
27654,1
27655,0
27657,1
27663,0
27664,1
27666,1
27669,1
27677,1
27680,1
27681,0
27684,1
27688,1
27689,0
27694,1
27695,1
27701,0
27703,0
27713,0
27714,1
27715,1
27718,0
27721,0
27724,1
27730,1
27731,0
27736,1
27741,1
27744,0
27750,0
27751,1
27752,0
27754,1
27758,1
27761,1
27762,1
27767,1
27775,1
27779,0
27780,0
27783,1
27784,1
27785,1
27787,1
27791,0
27793,1
27797,0
27799,1
27804,0
27805,1
27808,0
27814,1
27817,1
27818,0
27819,1
27822,0
27825,1
27826,1
27827,0
27832,1
27833,1
27844,0
27845,0
27847,1
27849,1
27850,0
27852,1
27854,0
27858,1
27868,1
27871,0
27874,1
27876,1
27879,1
27881,0
27885,1
27889,0
27890,0
27893,1
27896,1
27898,1
27902,1
27907,0
27909,1
27912,1
27915,1
27920,0
27923,1
27924,0
27925,1
27928,1
27947,0
27956,1
27961,1
27966,1
27972,1
27979,0
27981,1
27982,1
27984,1
27987,1
27988,1
27990,1
27995,0
27997,0
28003,1
28006,0
28008,0
28009,1
28010,0
28011,1
28017,1
28018,0
28023,1
28027,0
28028,1
28033,0
28034,1
28037,1
28039,0
28046,0
28047,1
28049,1
28050,1
28051,1
28052,1
28055,1
28056,0
28062,1
28067,0
28068,1
28069,0
28078,0
28084,0
28094,0
28099,0
28100,0
28101,1
28105,1
28111,0
28113,0
28115,1
28117,1
28120,1
28121,1
28124,1
28126,1
28127,1
28130,1
28132,1
28136,1
28139,1
28140,1
28146,0
28149,1
28150,1
28154,1
28155,1
28157,1
28158,0
28171,1
28177,1
28178,1
28194,1
28196,1
28197,0
28201,0
28202,1
28206,1
28207,0
28212,0
28216,0
28217,1
28218,0
28220,1
28221,0
28224,1
28228,1
28229,1
28232,1
28234,1
28236,1
28238,1
28245,1
28247,1
28248,0
28252,0
28253,0
28255,0
28262,0
28266,0
28271,0
28275,0
28281,1
28283,1
28285,0
28286,0
28289,1
28296,1
28297,1
28299,1
28302,1
28308,0
28312,0
28328,1
28331,0
28335,1
28336,0
28339,0
28341,0
28343,1
28348,0
28354,0
28357,1
28358,0
28359,1
28362,0
28363,1
28365,1
28366,1
28372,1
28376,1
28379,1
28382,0
28385,1
28387,1
28388,1
28393,1
28397,0
28400,1
28402,1
28405,0
28407,1
28410,1
28419,0
28423,0
28424,1
28433,1
28435,1
28436,1
28437,0
28438,1
28439,0
28440,1
28444,1
28448,1
28453,1
28454,0
28455,1
28456,1
28460,1
28461,0
28462,0
28464,1
28466,1
28467,1
28473,1
28474,0
28475,0
28481,1
28496,0
28497,1
28508,0
28514,1
28519,1
28520,1
28522,1
28527,1
28530,0
28534,1
28542,1
28545,1
28547,0
28549,0
28554,1
28557,1
28562,1
28567,0
28570,0
28571,0
28582,0
28585,1
28587,0
28588,0
28589,0
28593,1
28610,0
28616,0
28617,1
28621,0
28622,1
28623,0
28624,0
28625,1
28628,0
28630,1
28631,0
28636,0
28639,0
28642,1
28644,0
28651,1
28653,0
28656,1
28660,1
28662,1
28665,0
28668,0
28669,1
28678,1
28687,1
28690,0
28691,0
28692,0
28695,1
28698,1
28700,0
28702,1
28704,1
28708,1
28709,1
28710,0
28713,1
28715,0
28716,0
28717,1
28720,1
28721,1
28724,1
28727,0
28729,1
28733,1
28736,0
28738,1
28744,1
28750,0
28753,1
28754,0
28755,0
28756,0
28761,1
28762,0
28763,0
28764,1
28765,1
28767,1
28770,0
28774,0
28775,0
28777,0
28784,1
28785,1
28793,1
28795,1
28798,0
28799,1
28800,1
28809,0
28812,1
28817,1
28829,0
28835,0
28836,0
28840,0
28841,1
28843,0
28854,1
28855,1
28859,1
28860,1
28864,1
28866,1
28867,0
28868,0
28869,1
28870,1
28872,1
28874,1
28881,0
28884,1
28890,0
28891,1
28893,1
28894,1
28895,0
28896,0
28902,1
28903,0
28904,0
28909,1
28910,1
28914,1
28917,1
28921,0
28922,1
28926,0
28929,0
28930,1
28932,0
28937,0
28940,0
28944,1
28946,0
28951,1
28956,0
28959,1
28960,0
28961,0
28965,0
28970,1
28971,1
28974,0
28976,1
28979,1
28984,0
28986,1
28987,1
28991,0
29001,1
29005,0
29006,1
29013,0
29014,1
29017,1
29018,1
29021,1
29025,0
29029,1
29038,1
29039,0
29044,0
29047,1
29050,0
29051,1
29062,1
29063,1
29064,1
29067,1
29075,1
29083,1
29084,0
29092,1
29093,1
29094,1
29100,0
29102,0
29106,1
29107,0
29111,0
29117,1
29118,0
29121,1
29127,1
29128,1
29139,0
29145,1
29147,0
29149,1
29153,0
29156,0
29162,0
29164,1
29165,1
29177,1
29187,0
29204,0
29206,1
29211,1
29212,1
29222,0
29223,1
29228,0
29230,0
29231,0
29232,1
29236,1
29237,0
29238,0
29243,1
29252,1
29257,1
29258,0
29269,1
29270,0
29273,1
29274,1
29276,0
29280,1
29285,1
29290,0
29291,1
29294,1
29298,0
29303,0
29311,1
29312,0
29317,1
29322,0
29324,1
29325,0
29326,1
29334,0
29336,1
29346,1
29352,1
29355,1
29357,1
29359,0
29360,1
29361,1
29363,0
29366,0
29368,1
29369,1
29372,0
29374,0
29381,0
29382,0
29386,0
29390,1
29392,1
29395,0
29398,1
29401,1
29406,1
29409,1
29412,1
29413,1
29415,0
29417,1
29418,1
29422,0
29430,0
29431,1
29435,1
29436,1
29440,0
29441,0
29444,1
29448,1
29456,1
29458,0
29461,0
29468,0
29469,0
29473,1
29474,0
29480,0
29483,1
29487,0
29492,1
29497,1
29499,0
29503,0
29504,1
29507,1
29509,0
29510,1
29511,0
29513,1
29519,0
29520,1
29522,1
29525,0
29526,0
29531,1
29534,0
29542,0
29543,0
29545,0
29551,0
29553,1
29555,1
29556,1
29557,0
29559,1
29563,1
29566,0
29567,0
29574,1
29575,1
29578,1
29579,0
29584,0
29586,1
29590,0
29595,1
29601,1
29606,1
29608,1
29616,0
29619,0
29621,0
29625,0
29627,1
29628,1
29629,0
29630,1
29635,0
29638,0
29639,0
29650,0
29654,1
29656,1
29661,1
29671,1
29681,1
29684,0
29686,0
29690,1
29691,0
29692,0
29696,0
29697,1
29698,0
29699,1
29715,1
29720,1
29740,1
29743,0
29747,1
29748,1
29751,0
29754,1
29757,0
29758,1
29759,0
29771,1
29772,0
29778,0
29779,1
29787,0
29791,1
29792,0
29797,1
29802,1
29806,1
29807,0
29810,1
29812,0
29813,1
29814,1
29815,0
29818,1
29821,0
29824,1
29829,0
29832,0
29834,0
29837,0
29838,1
29844,1
29850,0
29852,0
29855,0
29857,1
29859,0
29860,1
29862,1
29863,1
29867,1
29869,1
29870,0
29876,1
29881,1
29884,1
29886,1
29887,0
29893,1
29895,1
29896,0
29900,0
29905,1
29907,0
29911,1
29912,1
29916,1
29918,1
29919,0
29921,0
29922,1
29929,1
29931,0
29933,0
29936,1
29938,1
29942,1
29945,1
29946,0
29947,0
29955,0
29956,1
29963,1
29967,1
29970,1
29976,0
29979,0
29982,0
29986,1
29987,1
29988,0
29989,0
29993,1
29996,0
